-- MySQL dump 10.13  Distrib 5.7.17, for macos10.12 (x86_64)
--
-- Host: 103.86.48.105    Database: admin_excel
-- ------------------------------------------------------
-- Server version	5.5.5-10.3.9-MariaDB

/*!40101 SET @OLD_CHARACTER_SET_CLIENT=@@CHARACTER_SET_CLIENT */;
/*!40101 SET @OLD_CHARACTER_SET_RESULTS=@@CHARACTER_SET_RESULTS */;
/*!40101 SET @OLD_COLLATION_CONNECTION=@@COLLATION_CONNECTION */;
/*!40101 SET NAMES utf8 */;
/*!40103 SET @OLD_TIME_ZONE=@@TIME_ZONE */;
/*!40103 SET TIME_ZONE='+00:00' */;
/*!40014 SET @OLD_UNIQUE_CHECKS=@@UNIQUE_CHECKS, UNIQUE_CHECKS=0 */;
/*!40014 SET @OLD_FOREIGN_KEY_CHECKS=@@FOREIGN_KEY_CHECKS, FOREIGN_KEY_CHECKS=0 */;
/*!40101 SET @OLD_SQL_MODE=@@SQL_MODE, SQL_MODE='NO_AUTO_VALUE_ON_ZERO' */;
/*!40111 SET @OLD_SQL_NOTES=@@SQL_NOTES, SQL_NOTES=0 */;

--
-- Table structure for table `data_rows`
--

DROP TABLE IF EXISTS `data_rows`;
/*!40101 SET @saved_cs_client     = @@character_set_client */;
/*!40101 SET character_set_client = utf8 */;
CREATE TABLE `data_rows` (
  `id` char(36) NOT NULL,
  `seq` int(11) NOT NULL,
  `office_center` varchar(100) DEFAULT NULL,
  `fullname` varchar(100) NOT NULL,
  `farmer_code` varchar(45) DEFAULT NULL,
  `code` varchar(45) DEFAULT NULL,
  `year` int(11) DEFAULT NULL,
  `plant_type` varchar(45) DEFAULT NULL,
  `ppm_as` varchar(45) DEFAULT NULL,
  `ppm_cd` varchar(45) DEFAULT NULL,
  `ppm_pb` varchar(45) DEFAULT NULL,
  `ppm_cr` varchar(45) DEFAULT NULL,
  `ppm_hg` varchar(45) DEFAULT NULL,
  `oc_item` varchar(45) DEFAULT NULL,
  `oc_weight` varchar(45) DEFAULT NULL,
  `py_item` varchar(45) DEFAULT NULL,
  `py_weight` varchar(45) DEFAULT NULL,
  `op_item` varchar(45) DEFAULT NULL,
  `op_weight` varchar(45) DEFAULT NULL,
  `ca_item` varchar(45) DEFAULT NULL,
  `ca_weight` varchar(45) DEFAULT NULL,
  `coordinates_e` int(11) DEFAULT NULL,
  `coordinates_n` int(11) DEFAULT NULL,
  `high` decimal(16,2) DEFAULT NULL,
  `description` text DEFAULT NULL,
  `created` datetime DEFAULT NULL,
  `coliform` varchar(45) DEFAULT NULL,
  `fecal` varchar(45) DEFAULT NULL,
  `nutrient_cu` varchar(45) DEFAULT NULL,
  `nutrient_ca` varchar(45) DEFAULT NULL,
  `chemical_do` varchar(45) DEFAULT NULL,
  `chemical_bod` varchar(45) DEFAULT NULL,
  `chemical_no3n` varchar(45) DEFAULT NULL,
  `chemical_nh3n` varchar(45) DEFAULT NULL,
  `data_sheet_id` char(36) NOT NULL,
  `gen_ph` varchar(45) DEFAULT NULL,
  `gen_om` varchar(45) DEFAULT NULL,
  `gen_n` varchar(45) DEFAULT NULL,
  `gen_p` varchar(45) DEFAULT NULL,
  `gen_k` varchar(45) DEFAULT NULL,
  `area_number` varchar(45) DEFAULT NULL,
  `status` varchar(45) DEFAULT NULL,
  PRIMARY KEY (`id`)
) ENGINE=MyISAM DEFAULT CHARSET=utf8;
/*!40101 SET character_set_client = @saved_cs_client */;

--
-- Dumping data for table `data_rows`
--

LOCK TABLES `data_rows` WRITE;
/*!40000 ALTER TABLE `data_rows` DISABLE KEYS */;
INSERT INTO `data_rows` VALUES ('170c6e72-2de1-4d32-8b9f-fc88e10de7ed',1,NULL,'นายวรัญญู แซ่วะ',NULL,NULL,2554,NULL,'0.9','ND','26.89','27.72','ND','ND','ND','Cypermethrin','0.03','Chlorpyrifos','0.33','ND','ND',455009,2028500,455009.00,NULL,'2019-01-02 14:48:41',NULL,NULL,NULL,NULL,NULL,NULL,NULL,NULL,'205d90d5-33a6-4536-ab31-5be5f43e1a42','-','-','-','-','-','2028500',NULL),('5038878d-d8ad-45c6-b6a8-7e10b6a97a2b',2,NULL,'นายโอภาส แซ่วะ',NULL,NULL,2554,NULL,'1.29','ND','30.61','26.44','ND',NULL,NULL,NULL,NULL,'Triazophos','< 0.02',NULL,NULL,454951,2028515,454951.00,NULL,'2019-01-02 14:48:41',NULL,NULL,NULL,NULL,NULL,NULL,NULL,NULL,'205d90d5-33a6-4536-ab31-5be5f43e1a42','-','-','-','-','-','2028515',NULL),('eac32846-54ba-459f-b475-3f4934539183',3,NULL,'แปลงในศูนย์',NULL,NULL,2554,NULL,'0.81','ND','34.87','26.35','ND','ND','ND','Cypermethrin','0.03','Chlorpyrifos','1.82','ND','ND',454903,2028338,454903.00,NULL,'2019-01-02 14:48:41',NULL,NULL,NULL,NULL,NULL,NULL,NULL,NULL,'205d90d5-33a6-4536-ab31-5be5f43e1a42','-','-','-','-','-','2028338',NULL),('c21802b2-d2c6-49d3-ba27-4a70a361fc54',4,NULL,'นายโก๊ะ  แซ่วะ',NULL,NULL,2555,NULL,'41','ND','41','25.17','ND','ND','ND','ND','ND','Chlorpyrifos','0.04','ND','ND',454907,2028320,454907.00,NULL,'2019-01-02 14:48:41',NULL,NULL,NULL,NULL,NULL,NULL,NULL,NULL,'205d90d5-33a6-4536-ab31-5be5f43e1a42','-','-','-','-','-','2028320',NULL),('4cee89fd-c15d-4d05-8c06-16f20c7b11f8',5,NULL,'นายนุ  แซ่วะ',NULL,NULL,2555,NULL,'32.31','ND','32.31','32.19','ND','Dieldrin','0.04','ND','ND','Chlorpyrifos','0.41','ND','ND',454973,2028383,454973.00,NULL,'2019-01-02 14:48:41',NULL,NULL,NULL,NULL,NULL,NULL,NULL,NULL,'205d90d5-33a6-4536-ab31-5be5f43e1a42','-','-','-','-','-','2028383',NULL),('01ebce74-872b-4a4d-a90f-585d596f44a1',6,NULL,'นายกั๊วะ  แซ่วะ',NULL,NULL,2555,NULL,'28.44','ND','28.44','31.59','ND','ND','ND','ND','ND','Chlorpyrifos','0.28','ND','ND',454991,2028491,454991.00,NULL,'2019-01-02 14:48:41',NULL,NULL,NULL,NULL,NULL,NULL,NULL,NULL,'205d90d5-33a6-4536-ab31-5be5f43e1a42','-','-','-','-','-','2028491',NULL),('ce1c3841-b74d-4fe0-a9f4-3a79124319c2',7,NULL,'นายเจี๊ยะ เจริญกุลพิวัฒน์',NULL,NULL,2556,NULL,'5.5','ND','31.19','29.69','ND','ND','ND','ND','ND','Chlorpyrifos','0.43','ND','ND',450446,2026953,450446.00,NULL,'2019-01-02 14:48:42',NULL,NULL,NULL,NULL,NULL,NULL,NULL,NULL,'205d90d5-33a6-4536-ab31-5be5f43e1a42','-','-','-','-','-','2026953',NULL),('5a549e7f-5c79-4429-b4f8-97260a853822',8,NULL,'นายเฒ่า ธาราวโรดม',NULL,NULL,2556,NULL,'2.75','ND','37.25','22.44','ND','ND','ND','ND','ND','ND','ND','ND','ND',449836,2026919,449836.00,NULL,'2019-01-02 14:48:42',NULL,NULL,NULL,NULL,NULL,NULL,NULL,NULL,'205d90d5-33a6-4536-ab31-5be5f43e1a42','-','-','-','-','-','2026919',NULL),('9469a726-375b-43a6-baa2-65faa0fb35d2',9,NULL,'นายชาคริต แซ่วะ',NULL,NULL,2556,NULL,'3.23','ND','36.98','30.45','ND','ND','ND','ND','ND','ND','ND','ND','ND',455054,2029699,455054.00,NULL,'2019-01-02 14:48:42',NULL,NULL,NULL,NULL,NULL,NULL,NULL,NULL,'205d90d5-33a6-4536-ab31-5be5f43e1a42','-','-','-','-','-','2029699',NULL),('35083e34-3307-415b-9226-db616506ea7d',10,NULL,'นายแดง เลาวะ',NULL,NULL,2557,NULL,'3.86','ND','-','-','-','ND','ND','ND','ND','ND','ND','ND','ND',449635,2026764,449635.00,NULL,'2019-01-02 14:48:42',NULL,NULL,NULL,NULL,NULL,NULL,NULL,NULL,'205d90d5-33a6-4536-ab31-5be5f43e1a42','-','-','-','-','-','2026764',NULL),('b976d0d7-681d-445e-9890-873be200ae1f',11,NULL,'นายยี แซ่ยะ',NULL,NULL,2557,NULL,'2','ND','-','-','-','ND','ND','ND','ND','ND','ND','ND','ND',455374,2027709,455374.00,NULL,'2019-01-02 14:48:42',NULL,NULL,NULL,NULL,NULL,NULL,NULL,NULL,'205d90d5-33a6-4536-ab31-5be5f43e1a42','-','-','-','-','-','2027709',NULL),('d65a57c3-fd81-4263-8ece-d8f8643bb668',12,NULL,'นายร่ม วิทยาวัฒนกิจ',NULL,NULL,2557,NULL,'1.72','ND','-','-','-','ND','ND','ND','ND','ND','ND','ND','ND',455977,2029773,455977.00,NULL,'2019-01-02 14:48:42',NULL,NULL,NULL,NULL,NULL,NULL,NULL,NULL,'205d90d5-33a6-4536-ab31-5be5f43e1a42','-','-','-','-','-','2029773',NULL),('ae063dfd-ae91-4f13-a595-cc94a9a8af8e',13,NULL,'นายสุรศักดิ์ แซ่ยะ ',NULL,NULL,2558,NULL,'ND','ND','-','-','-','ND','ND','ND','ND','Chlorpyrifos','<0.02','ND','ND',449767,2028105,449767.00,NULL,'2019-01-02 14:48:42',NULL,NULL,NULL,NULL,NULL,NULL,NULL,NULL,'205d90d5-33a6-4536-ab31-5be5f43e1a42','5.78','4.99','0.25','31.19','< 0.010','2028105',NULL),('b2a5ab05-b572-4227-8588-0fbce80f2346',14,NULL,'นายจีระ แซ่ยะ  ',NULL,NULL,2558,NULL,'0.67','ND','-','-','-','ND','ND','ND','ND','Chlorpyrifos','0.03','ND','ND',453767,2029556,453767.00,NULL,'2019-01-02 14:48:42',NULL,NULL,NULL,NULL,NULL,NULL,NULL,NULL,'205d90d5-33a6-4536-ab31-5be5f43e1a42','5.36','5.36','0.33','49','< 0.010','2029556',NULL),('71f6a622-8be8-49c9-866d-c7f7795d0752',15,NULL,'นายเจี๊ยะ แซ่ยะ ',NULL,NULL,2558,NULL,'1.36','ND','-','-','-','ND','ND','ND','ND','ND','ND','ND','ND',455657,2029727,455657.00,NULL,'2019-01-02 14:48:42',NULL,NULL,NULL,NULL,NULL,NULL,NULL,NULL,'205d90d5-33a6-4536-ab31-5be5f43e1a42','5.17','15.9','0.7','15.37','ND','2029727',NULL),('85d13012-8bcb-4d4c-a5a8-8884e689ae7e',16,NULL,'ศูนย์ฯ ขยายผลฯ ป่ากล้วย',NULL,NULL,2559,NULL,'3.62','ND','-','-','-','ND','ND','ND','ND','Chlorpyrifos','0.09','ND','ND',454830,2028371,454830.00,NULL,'2019-01-02 14:48:42',NULL,NULL,NULL,NULL,NULL,NULL,NULL,NULL,'205d90d5-33a6-4536-ab31-5be5f43e1a42','5.8','9.1','0.57','130.02','0.1','2028371',NULL),('133269dc-4bd8-495f-b33d-4389e6f45ae6',17,NULL,'นายยิ่ง วัฒนกิจ',NULL,NULL,2559,NULL,'3.26','ND','-','-','-','p,p\'-DDT','0.01','Cypermethrin','0.02','Chlorpyrifos','0.18','ND','ND',455293,2027697,455293.00,NULL,'2019-01-02 14:48:42',NULL,NULL,NULL,NULL,NULL,NULL,NULL,NULL,'205d90d5-33a6-4536-ab31-5be5f43e1a42','5.17','6.46','0.69','142.06','0.08','2027697',NULL),('de071d37-f074-437b-b144-8cfdc501221a',18,NULL,'นายยิ่ง วัฒนกิจ',NULL,NULL,2559,NULL,'3.12','ND','-','-','-','ND','ND','Cypermethrin','0.02','Chlorpyrifos','0.04','ND','ND',454899,2028558,454899.00,NULL,'2019-01-02 14:48:42',NULL,NULL,NULL,NULL,NULL,NULL,NULL,NULL,'205d90d5-33a6-4536-ab31-5be5f43e1a42','5.79','6.62','0.49','27.26','0.04','2028558',NULL),('d6730a22-cdfc-471d-b59c-5cc4d0f447a9',19,NULL,'นายเจี๊ยะ  แซ่วะ',NULL,NULL,2560,NULL,'1.6','ND','-','-','-','ND','-','ND','-','Chlorpyrifos','0.1','Methomyl','0.02',455234,2007668,455234.00,NULL,'2019-01-02 14:48:42',NULL,NULL,NULL,NULL,NULL,NULL,NULL,NULL,'205d90d5-33a6-4536-ab31-5be5f43e1a42','5.2','7.08','0.42','87.38','0.03','2007668',NULL),('5936fff8-236f-4566-a298-b7d30253303f',20,NULL,'นาบกัวะ  แซ่วะ',NULL,NULL,2560,NULL,'3.45','ND','-','-','-','ND','-','Cypermethrin','0.05','ND','-','ND','-',455271,2029609,455271.00,NULL,'2019-01-02 14:48:42',NULL,NULL,NULL,NULL,NULL,NULL,NULL,NULL,'205d90d5-33a6-4536-ab31-5be5f43e1a42','5.57','7.29','0.54','17.62','0.02','2029609',NULL),('2ae179a8-8645-436b-b8ea-ea2653997b76',21,NULL,'นายธาวี  แซ่วะ',NULL,NULL,2560,NULL,'5.83','ND','-','-','-','ND','-','Cypermethrin','0.05','ND','-','ND','-',455298,2029519,455298.00,NULL,'2019-01-02 14:48:42',NULL,NULL,NULL,NULL,NULL,NULL,NULL,NULL,'205d90d5-33a6-4536-ab31-5be5f43e1a42','5.36','9.54','0.53','37.26','0.02','2029519',NULL),('38585b76-6d9a-463d-87de-cbb3489b2a51',1,NULL,'ลำห้วยแม่สอย (ต้นน้ำ)',NULL,NULL,2554,NULL,'ND','ND','ND','ND','ND',NULL,'ND',NULL,'ND',NULL,'ND',NULL,'ND',453520,2028881,NULL,NULL,'2019-01-02 14:48:42','23','4.5','ND','1.41','5.57','0.8','0.98','ND','d528f7cc-7b56-404f-9387-0a139fd22f26',NULL,NULL,NULL,NULL,NULL,NULL,NULL),('1c48de6b-5f1f-40c5-82cc-255d1d7350c4',2,NULL,'ลำห้วยแม่สอย (กลางน้ำ)',NULL,NULL,NULL,NULL,'ND','ND','<0.0010','ND','ND',NULL,'ND',NULL,'ND',NULL,'ND',NULL,'ND',454898,2028552,NULL,NULL,'2019-01-02 14:48:43','33','33','<0.0050','5.46','4.35','0.5','<0.40','ND','d528f7cc-7b56-404f-9387-0a139fd22f26',NULL,NULL,NULL,NULL,NULL,NULL,NULL),('bc15e875-f497-40ee-914c-b0ed4fbcae5f',3,NULL,'ลำห้วยแม่สอย (ปลายน้ำ)',NULL,NULL,NULL,NULL,'ND','ND','ND','ND','ND',NULL,'ND',NULL,'ND',NULL,'ND',NULL,'ND',453663,2029463,NULL,NULL,'2019-01-02 14:48:43','170','170','ND','1.76','5.82','1.3','ND','ND','d528f7cc-7b56-404f-9387-0a139fd22f26',NULL,NULL,NULL,NULL,NULL,NULL,NULL),('779fc014-75e1-423e-8175-7f329ebd3fae',4,NULL,'ไม่ทราบชื่อ (ต้นน้ำ)',NULL,NULL,2555,NULL,'ND','ND','0','ND','ND',NULL,'ND',NULL,'ND',NULL,'ND',NULL,'ND',454135,2028656,NULL,NULL,'2019-01-02 14:48:43','110','27','ND','1.34','4','1.92','<0.40','ND','d528f7cc-7b56-404f-9387-0a139fd22f26',NULL,NULL,NULL,NULL,NULL,NULL,NULL),('0cb27539-eeda-4ba3-a287-340892ae7e69',5,NULL,'ไม่ทราบชื่อ (กลางน้ำ)',NULL,NULL,NULL,NULL,'ND','ND','0','ND','ND',NULL,'ND',NULL,'ND',NULL,'ND',NULL,'ND',544982,2028179,NULL,NULL,'2019-01-02 14:48:43','700','49','ND','3.4','5.7','2.57','0.8','ND','d528f7cc-7b56-404f-9387-0a139fd22f26',NULL,NULL,NULL,NULL,NULL,NULL,NULL),('4d33e48a-70c0-4665-bac8-727b6b32f684',6,NULL,'ไม่ทราบชื่อ (ปลายน้ำ)',NULL,NULL,NULL,NULL,'ND','ND','ND','ND','ND',NULL,'ND',NULL,'ND',NULL,'ND',NULL,'ND',545494,2027780,NULL,NULL,'2019-01-02 14:48:43','110','70','ND','1.77','6.6','2.27','<0.40','ND','d528f7cc-7b56-404f-9387-0a139fd22f26',NULL,NULL,NULL,NULL,NULL,NULL,NULL),('f582e04e-8692-47f5-bac1-352b967c6cc8',7,NULL,'ลำห้วยแม่สอย (ต้นน้ำ)',NULL,NULL,2556,NULL,'ND','ND','ND','ND','ND',NULL,'ND',NULL,'ND',NULL,'ND',NULL,'ND',450447,2027240,NULL,NULL,'2019-01-02 14:48:43','79','79','ND','1.92','7','0.75','0.42','ND','d528f7cc-7b56-404f-9387-0a139fd22f26',NULL,NULL,NULL,NULL,NULL,NULL,NULL),('e859f8a2-7a80-4fb7-a13f-3b1da37ec30c',8,NULL,'ลำห้วยแม่สอย (กลางน้ำ)',NULL,NULL,NULL,NULL,'ND','ND','ND','ND','ND',NULL,'ND',NULL,'ND',NULL,'ND',NULL,'ND',450365,2026924,NULL,NULL,'2019-01-02 14:48:43','280','220','ND','2.14','7.6','1.3','<0.40','ND','d528f7cc-7b56-404f-9387-0a139fd22f26',NULL,NULL,NULL,NULL,NULL,NULL,NULL),('6cd9abb1-d420-47d7-a916-b7f84348e596',9,NULL,'ลำน้ำสวนเตโหล่ (ปลายน้ำ)',NULL,NULL,NULL,NULL,'ND','ND','ND','ND','ND',NULL,'ND',NULL,'ND',NULL,'ND',NULL,'ND',449897,2027898,NULL,NULL,'2019-01-02 14:48:43','170','140','ND','2.21','7.6','0.85','<0.40','ND','d528f7cc-7b56-404f-9387-0a139fd22f26',NULL,NULL,NULL,NULL,NULL,NULL,NULL),('2c7b6c7e-5a3d-4c69-a067-c6c7047c1eb0',10,NULL,'ไม่ทราบชื่อ (ต้นน้ำ)',NULL,NULL,NULL,NULL,'ND','ND','ND','ND','< 0.0010',NULL,'ND',NULL,'ND',NULL,'ND',NULL,'ND',455061,2029557,NULL,NULL,'2019-01-02 14:48:43','79','49','ND','1.28','7.7','5.19','<0.40','ND','d528f7cc-7b56-404f-9387-0a139fd22f26',NULL,NULL,NULL,NULL,NULL,NULL,NULL),('29e515a5-0e9f-4671-9ca8-7fc075476d63',11,NULL,'ท่อน้ำ (ต้นน้ำ)',NULL,NULL,2557,NULL,'0','-','-','-','-',NULL,'ND',NULL,'ND',NULL,'ND',NULL,'ND',449635,2026764,NULL,NULL,'2019-01-02 14:48:43','2300','330','-','3.59','5','0.65','<0.40','0.18','d528f7cc-7b56-404f-9387-0a139fd22f26',NULL,NULL,NULL,NULL,NULL,NULL,NULL),('0658d0aa-2c49-4285-b5d6-3616ff33c130',12,NULL,'ท่อน้ำ (กลางน้ำ)',NULL,NULL,NULL,NULL,'ND','-','-','-','-',NULL,'ND',NULL,'ND',NULL,'ND',NULL,'ND',455476,2027776,NULL,NULL,'2019-01-02 14:48:43','170','110','-','2.29','8','0.62','0.93','ND','d528f7cc-7b56-404f-9387-0a139fd22f26',NULL,NULL,NULL,NULL,NULL,NULL,NULL),('807e612a-679f-4278-8313-9a4573651afd',13,NULL,'ท่อน้ำ (ปลายน้ำ)',NULL,NULL,NULL,NULL,'ND','-','-','-','-',NULL,'ND',NULL,'ND',NULL,'ND',NULL,'ND',455892,2029744,NULL,NULL,'2019-01-02 14:48:43','3300','3300','-','1.37','5','0.55','<0.40','ND','d528f7cc-7b56-404f-9387-0a139fd22f26',NULL,NULL,NULL,NULL,NULL,NULL,NULL),('39d5dad9-6699-4372-b9a2-7183679bd4c6',14,NULL,'ลำห้วยแต๊ะโหล่',NULL,NULL,2558,NULL,'ND','-','-','-','-',NULL,'ND',NULL,'ND',NULL,'ND',NULL,'ND',449879,2027921,1386.00,NULL,'2019-01-02 14:48:43','46','46','-','1.26','5.75','0.75','<0.40','ND','d528f7cc-7b56-404f-9387-0a139fd22f26',NULL,NULL,NULL,NULL,NULL,NULL,NULL),('0cd8487e-890a-4ea7-a204-d7f1cea658c7',15,NULL,'ลำห้วยแม่เตี๊ยะ',NULL,NULL,NULL,NULL,'ND','-','-','-','-',NULL,'ND',NULL,'ND',NULL,'ND',NULL,'ND',455154,2029701,1302.00,NULL,'2019-01-02 14:48:43','210','61','-','1.64','7.75','0.8','<0.40','0.33','d528f7cc-7b56-404f-9387-0a139fd22f26',NULL,NULL,NULL,NULL,NULL,NULL,NULL),('0adfb7ac-df09-4333-941f-fcf6a86921d2',16,NULL,'ลำห้วยแต๊ะเลี๊ยะ ',NULL,NULL,NULL,NULL,'ND','-','-','-','-',NULL,'ND',NULL,'ND',NULL,'ND',NULL,'ND',453833,2029531,1271.00,NULL,'2019-01-02 14:48:43','79','33','-','3.19','7.39','0.6','2.13','0.2','d528f7cc-7b56-404f-9387-0a139fd22f26',NULL,NULL,NULL,NULL,NULL,NULL,NULL),('508903f4-6b59-4367-a17d-9effbd8ed711',17,NULL,'น้ำผุดแม่สึก (ต้นน้ำ)',NULL,NULL,2559,NULL,'< 0.00100','-','-','-','-',NULL,'ND',NULL,'ND',NULL,'ND',NULL,'ND',454830,2028371,1369.00,NULL,'2019-01-02 14:48:43','130','130','-','1.58','7.07','1','0.21','1.45','d528f7cc-7b56-404f-9387-0a139fd22f26',NULL,NULL,NULL,NULL,NULL,NULL,NULL),('466d6da0-db1c-4600-a358-2cd29df1d30f',18,NULL,'ห้วยแม่ที (ต้นน้ำ)',NULL,NULL,NULL,NULL,'< 0.00100','-','-','-','-',NULL,'ND',NULL,'ND',NULL,'ND',NULL,'ND',455293,2027697,1170.00,NULL,'2019-01-02 14:48:43','13','2','-','0.82','7.57','0.96','0.3','ND','d528f7cc-7b56-404f-9387-0a139fd22f26',NULL,NULL,NULL,NULL,NULL,NULL,NULL),('acf90124-c074-4b78-9e98-16d44f96b8e2',19,NULL,'ตาน้ำผุด (ต้นน้ำ)',NULL,NULL,NULL,NULL,'< 0.00100','-','-','-','-',NULL,'ND',NULL,'ND',NULL,'ND',NULL,'ND',454899,2028558,1357.00,NULL,'2019-01-02 14:48:44','33','33','-','5.21','4.61','0.25','20.22','0.13','d528f7cc-7b56-404f-9387-0a139fd22f26',NULL,NULL,NULL,NULL,NULL,NULL,NULL),('b4458375-54c2-4e83-9ca5-f077c25f4ed9',20,NULL,'ลำน้ำแม่สอย',NULL,NULL,2560,NULL,'ND','-','-','-','-',NULL,'ND',NULL,'ND',NULL,'ND',NULL,'ND',454761,2028375,1371.00,NULL,'2019-01-02 14:48:44','33','< 1.8','-','2.64','7.7','1.06','< 0.40','ND','d528f7cc-7b56-404f-9387-0a139fd22f26',NULL,NULL,NULL,NULL,NULL,NULL,NULL),('2b4d481c-174e-47fe-9d16-56f76d0f369d',21,NULL,'ลำน้ำแม่ที',NULL,NULL,NULL,NULL,'ND','-','-','-','-',NULL,'ND',NULL,'ND',NULL,'ND',NULL,'ND',455236,2027655,1173.00,NULL,'2019-01-02 14:48:44','79','4.5','-','2.91','9.6','0.28','0.59','ND','d528f7cc-7b56-404f-9387-0a139fd22f26',NULL,NULL,NULL,NULL,NULL,NULL,NULL),('bb4b3d9b-8dfe-4fe6-b493-c22d6107bf51',22,NULL,'ลำตาน้ำผุด',NULL,NULL,NULL,NULL,'ND','-','-','-','-',NULL,'ND',NULL,'ND',NULL,'ND',NULL,'ND',454902,2028553,1358.00,NULL,'2019-01-02 14:48:44','< 1.8','< 1.8','-','6.65','5.2','1.5','2.34','ND','d528f7cc-7b56-404f-9387-0a139fd22f26',NULL,NULL,NULL,NULL,NULL,NULL,NULL),('7bfc2e0a-eadf-481b-9196-470b2b1001c9',1,'หนองเขียว','นายโยธิน โพทารักษ์',NULL,'CM60/05937-001',2560,'คะน้ายอด','<0.025','<0.018','0.06',NULL,NULL,NULL,NULL,NULL,NULL,NULL,NULL,NULL,NULL,NULL,NULL,NULL,NULL,'2019-01-02 14:48:45',NULL,NULL,NULL,NULL,NULL,NULL,NULL,NULL,'2358a640-0d9a-4354-a2d5-4c961a3198ea',NULL,NULL,NULL,NULL,NULL,NULL,NULL),('89d274d6-2bc4-4bd6-bd0f-7aa3ead4eeb7',2,'ขุนแปะ','คุณลัดดาวัลย์ เจริญธิวัฒกุล',NULL,'CM60/05438-001',2560,'คอสสลัด','ND','<0.018','<0.050',NULL,NULL,NULL,NULL,NULL,NULL,NULL,NULL,NULL,NULL,NULL,NULL,NULL,NULL,'2019-01-02 14:48:45',NULL,NULL,NULL,NULL,NULL,NULL,NULL,NULL,'2358a640-0d9a-4354-a2d5-4c961a3198ea',NULL,NULL,NULL,NULL,NULL,NULL,NULL),('1f0b03db-1d3a-4a29-b28f-1695498d7847',3,'ขุนแปะ','คุณชาตรี พาคือ',NULL,'CM60/05438-002',2560,'คอสสลัด','<0.025','<0.018','0.11',NULL,NULL,NULL,NULL,NULL,NULL,NULL,NULL,NULL,NULL,NULL,NULL,NULL,NULL,'2019-01-02 14:48:45',NULL,NULL,NULL,NULL,NULL,NULL,NULL,NULL,'2358a640-0d9a-4354-a2d5-4c961a3198ea',NULL,NULL,NULL,NULL,NULL,NULL,NULL),('4a83ed37-3d18-4bf9-888c-32e5a0b8523d',4,'ขุนแปะ','คุณอาทิตย์ พนาธิคุณ',NULL,'CM60/05438-003',2560,'ผักกาดขาวปลี','ND','ND','ND',NULL,NULL,NULL,NULL,NULL,NULL,NULL,NULL,NULL,NULL,NULL,NULL,NULL,NULL,'2019-01-02 14:48:45',NULL,NULL,NULL,NULL,NULL,NULL,NULL,NULL,'2358a640-0d9a-4354-a2d5-4c961a3198ea',NULL,NULL,NULL,NULL,NULL,NULL,NULL),('6c1ff011-b66d-4d51-bb8b-308f90e8cd20',5,'ขุนแปะ','คุณบุญรัตน์ ฤทธฺกุลบัณฑิต',NULL,'CM60/05438-004',2560,'บร็อคโคลี','ND','<0.018','ND',NULL,NULL,NULL,NULL,NULL,NULL,NULL,NULL,NULL,NULL,NULL,NULL,NULL,NULL,'2019-01-02 14:48:45',NULL,NULL,NULL,NULL,NULL,NULL,NULL,NULL,'2358a640-0d9a-4354-a2d5-4c961a3198ea',NULL,NULL,NULL,NULL,NULL,NULL,NULL),('bcc4265c-f01f-4a42-a744-d04024a1fa6b',6,'ขุนแปะ','คุณขันติพล',NULL,'CM60/05438-005',2560,'ผักกาดขาวปลี','ND','<0.018','ND',NULL,NULL,NULL,NULL,NULL,NULL,NULL,NULL,NULL,NULL,NULL,NULL,NULL,NULL,'2019-01-02 14:48:45',NULL,NULL,NULL,NULL,NULL,NULL,NULL,NULL,'2358a640-0d9a-4354-a2d5-4c961a3198ea',NULL,NULL,NULL,NULL,NULL,NULL,NULL),('54d941ba-1f69-4369-a3e3-b41d08a5d8e6',7,'ผาตั้ง','นายสะอาด แสงงาน',NULL,'CM60/04202-001',2560,'ฟิลเล่ย์','<0.025','ND','<0.050',NULL,NULL,NULL,NULL,NULL,NULL,NULL,NULL,NULL,NULL,NULL,NULL,NULL,NULL,'2019-01-02 14:48:45',NULL,NULL,NULL,NULL,NULL,NULL,NULL,NULL,'2358a640-0d9a-4354-a2d5-4c961a3198ea',NULL,NULL,NULL,NULL,NULL,NULL,NULL),('5ff9e751-e8bf-4c4f-876b-3a82f21a7475',8,'ผาตั้ง','นาฉัตรชัย ผาบรรพตกุล',NULL,'CM60/04202-002',2560,'บัตเตอร์เฮด','ND','ND','ND',NULL,NULL,NULL,NULL,NULL,NULL,NULL,NULL,NULL,NULL,NULL,NULL,NULL,NULL,'2019-01-02 14:48:45',NULL,NULL,NULL,NULL,NULL,NULL,NULL,NULL,'2358a640-0d9a-4354-a2d5-4c961a3198ea',NULL,NULL,NULL,NULL,NULL,NULL,NULL),('445bd9d0-11e9-47ba-b6b1-9dda779e2689',9,'แม่โถ','นายชาญชัย สง่าพนากุล',NULL,'CM60/04282-008',2560,'ฟิลเล่ย์','0.03','ND','<0.050',NULL,NULL,NULL,NULL,NULL,NULL,NULL,NULL,NULL,NULL,NULL,NULL,NULL,NULL,'2019-01-02 14:48:45',NULL,NULL,NULL,NULL,NULL,NULL,NULL,NULL,'2358a640-0d9a-4354-a2d5-4c961a3198ea',NULL,NULL,NULL,NULL,NULL,NULL,NULL),('9671156a-c036-43ac-9416-c5d547349dd4',10,'แม่โถ','นางวิภา',NULL,'CM60/04282-004',2560,'ปวยเล้ง','<0.025','ND','<0.050',NULL,NULL,NULL,NULL,NULL,NULL,NULL,NULL,NULL,NULL,NULL,NULL,NULL,NULL,'2019-01-02 14:48:45',NULL,NULL,NULL,NULL,NULL,NULL,NULL,NULL,'2358a640-0d9a-4354-a2d5-4c961a3198ea',NULL,NULL,NULL,NULL,NULL,NULL,NULL),('90bcf720-0d34-4380-862a-5d447491c4aa',11,'แม่โถ','นางอาพร',NULL,'CM60/04282-005',2560,'คะน้าฮ่องกง','<0.025','ND','<0.050',NULL,NULL,NULL,NULL,NULL,NULL,NULL,NULL,NULL,NULL,NULL,NULL,NULL,NULL,'2019-01-02 14:48:45',NULL,NULL,NULL,NULL,NULL,NULL,NULL,NULL,'2358a640-0d9a-4354-a2d5-4c961a3198ea',NULL,NULL,NULL,NULL,NULL,NULL,NULL),('f5a50142-b588-4eaf-a017-e2ae8035c3a6',12,'แม่โถ','นางวิภา',NULL,'CM60/04282-006',2560,'เบบี้คอส','<0.025','ND','ND',NULL,NULL,NULL,NULL,NULL,NULL,NULL,NULL,NULL,NULL,NULL,NULL,NULL,NULL,'2019-01-02 14:48:45',NULL,NULL,NULL,NULL,NULL,NULL,NULL,NULL,'2358a640-0d9a-4354-a2d5-4c961a3198ea',NULL,NULL,NULL,NULL,NULL,NULL,NULL),('de2045da-6693-4913-b010-85464ef8a4bd',13,'แม่โถ','คุณมาลีวัลย์','4','CM60/05812-049',2560,'เบบี้คอส','ND','ND','ND',NULL,NULL,NULL,NULL,NULL,NULL,NULL,NULL,NULL,NULL,NULL,NULL,NULL,NULL,'2019-01-02 14:48:45',NULL,NULL,NULL,NULL,NULL,NULL,NULL,NULL,'2358a640-0d9a-4354-a2d5-4c961a3198ea',NULL,NULL,NULL,NULL,NULL,NULL,NULL),('0a506489-1317-4303-b092-46d7f7d5fdbf',14,'แม่โถ','คุณภพ','150','CM60/05812-050',2560,'ร๊อกเกต','<0.025','ND','<0.050',NULL,NULL,NULL,NULL,NULL,NULL,NULL,NULL,NULL,NULL,NULL,NULL,NULL,NULL,'2019-01-02 14:48:46',NULL,NULL,NULL,NULL,NULL,NULL,NULL,NULL,'2358a640-0d9a-4354-a2d5-4c961a3198ea',NULL,NULL,NULL,NULL,NULL,NULL,NULL),('2e090837-01c7-4aa7-a507-73fad7426c41',15,'แม่โถ','คุณมาลีวัลย์','4','CM60/05812-051',2560,'ฟิลเล่ย์','ND','ND','ND',NULL,NULL,NULL,NULL,NULL,NULL,NULL,NULL,NULL,NULL,NULL,NULL,NULL,NULL,'2019-01-02 14:48:46',NULL,NULL,NULL,NULL,NULL,NULL,NULL,NULL,'2358a640-0d9a-4354-a2d5-4c961a3198ea',NULL,NULL,NULL,NULL,NULL,NULL,NULL),('6adc8a09-5ea4-4ed8-a91a-8cbc81455259',16,'แม่โถ','คุณบุญชา','16','CM60/05812-052',2560,'คื่นฉ่าย','<0.025','0.11','<0.050',NULL,NULL,NULL,NULL,NULL,NULL,NULL,NULL,NULL,NULL,NULL,NULL,NULL,NULL,'2019-01-02 14:48:46',NULL,NULL,NULL,NULL,NULL,NULL,NULL,NULL,'2358a640-0d9a-4354-a2d5-4c961a3198ea',NULL,NULL,NULL,NULL,NULL,NULL,NULL),('07ea219d-13dd-4e90-914e-a995d9aa05d5',17,'แม่โถ','คุณกิตติกุล','134','CM60/05812-053',2560,'ผักกาดขาวปลี','ND','ND','ND',NULL,NULL,NULL,NULL,NULL,NULL,NULL,NULL,NULL,NULL,NULL,NULL,NULL,NULL,'2019-01-02 14:48:46',NULL,NULL,NULL,NULL,NULL,NULL,NULL,NULL,'2358a640-0d9a-4354-a2d5-4c961a3198ea',NULL,NULL,NULL,NULL,NULL,NULL,NULL),('641be952-a760-4b85-884d-db0642015ac6',18,'แม่สะเรียง','นายวิโรจน์',NULL,'CM60/04282-001',2560,'เรดคอรัล','<0.025','ND','<0.050',NULL,NULL,NULL,NULL,NULL,NULL,NULL,NULL,NULL,NULL,NULL,NULL,NULL,NULL,'2019-01-02 14:48:46',NULL,NULL,NULL,NULL,NULL,NULL,NULL,NULL,'2358a640-0d9a-4354-a2d5-4c961a3198ea',NULL,NULL,NULL,NULL,NULL,NULL,NULL),('0ecbf6ee-a0a6-4806-8c72-5cf5f042b2a1',19,'แม่สะเรียง','นางอรวรรณ',NULL,'CM60/04282-002',2560,'โอ๊คลีฟเขียว','<0.025','ND','<0.050',NULL,NULL,NULL,NULL,NULL,NULL,NULL,NULL,NULL,NULL,NULL,NULL,NULL,NULL,'2019-01-02 14:48:46',NULL,NULL,NULL,NULL,NULL,NULL,NULL,NULL,'2358a640-0d9a-4354-a2d5-4c961a3198ea',NULL,NULL,NULL,NULL,NULL,NULL,NULL),('bb6d53f5-202d-47b1-a2c7-dba9e8c4c66b',20,'แม่สะเรียง','นายค้อย',NULL,'CM60/04282-003',2560,'คื่นฉ่าย','<0.025','<0.018','0.06',NULL,NULL,NULL,NULL,NULL,NULL,NULL,NULL,NULL,NULL,NULL,NULL,NULL,NULL,'2019-01-02 14:48:46',NULL,NULL,NULL,NULL,NULL,NULL,NULL,NULL,'2358a640-0d9a-4354-a2d5-4c961a3198ea',NULL,NULL,NULL,NULL,NULL,NULL,NULL),('a1296b88-bcae-42ee-8bfb-07b538cbf4c4',21,'แม่สะเรียง','นายวิโรจน์ คงสง่ากุล','141','CM60/05812-034',2560,'เบบี้คอส','ND','ND','ND',NULL,NULL,NULL,NULL,NULL,NULL,NULL,NULL,NULL,NULL,NULL,NULL,NULL,NULL,'2019-01-02 14:48:46',NULL,NULL,NULL,NULL,NULL,NULL,NULL,NULL,'2358a640-0d9a-4354-a2d5-4c961a3198ea',NULL,NULL,NULL,NULL,NULL,NULL,NULL),('924a58c7-173a-4748-8471-09c0c56a9893',22,'แม่สะเรียง','ปุ๊ด สุทรีวุฒิพงศ์','98','CM60/05812-035',2560,'เบบี้ฮ่องเต้','ND','ND','<0.050',NULL,NULL,NULL,NULL,NULL,NULL,NULL,NULL,NULL,NULL,NULL,NULL,NULL,NULL,'2019-01-02 14:48:46',NULL,NULL,NULL,NULL,NULL,NULL,NULL,NULL,'2358a640-0d9a-4354-a2d5-4c961a3198ea',NULL,NULL,NULL,NULL,NULL,NULL,NULL),('5fc6e65a-5bcb-4565-9d77-8e35a86fedfc',23,'แม่สะเรียง','นางทองคำ ศักดิ์ชัยปัญญา','95','CM60/05812-036',2560,'โอ๊คลีฟเขียว','ND','ND','ND',NULL,NULL,NULL,NULL,NULL,NULL,NULL,NULL,NULL,NULL,NULL,NULL,NULL,NULL,'2019-01-02 14:48:46',NULL,NULL,NULL,NULL,NULL,NULL,NULL,NULL,'2358a640-0d9a-4354-a2d5-4c961a3198ea',NULL,NULL,NULL,NULL,NULL,NULL,NULL),('4f2c7360-716a-4e05-b55f-a74cfe66e63c',24,'ห้วยแล้ง','นายขันธ์ชัย ประธีปวรนาม',NULL,'CM60/04226-001',2560,'กระเทียมต้น','ND','ND','ND',NULL,NULL,NULL,NULL,NULL,NULL,NULL,NULL,NULL,NULL,NULL,NULL,NULL,NULL,'2019-01-02 14:48:46',NULL,NULL,NULL,NULL,NULL,NULL,NULL,NULL,'2358a640-0d9a-4354-a2d5-4c961a3198ea',NULL,NULL,NULL,NULL,NULL,NULL,NULL),('2c07adac-529f-487f-946e-23ac8360c003',25,'ห้วยแล้ง','นายมานะ แนหวัง',NULL,'CM60/04226-002',2560,'ผักกาดหอมใบแดง','<0.025','ND','<0.050',NULL,NULL,NULL,NULL,NULL,NULL,NULL,NULL,NULL,NULL,NULL,NULL,NULL,NULL,'2019-01-02 14:48:46',NULL,NULL,NULL,NULL,NULL,NULL,NULL,NULL,'2358a640-0d9a-4354-a2d5-4c961a3198ea',NULL,NULL,NULL,NULL,NULL,NULL,NULL),('d66f2020-2e44-43e8-9b42-20b2707a6660',26,'ห้วยแล้ง','นายกำลัง ลือชา','51','CM60/05812-030',2560,'ผักกาดกวางตุ้ง','ND','0.02','<0.050',NULL,NULL,NULL,NULL,NULL,NULL,NULL,NULL,NULL,NULL,NULL,NULL,NULL,NULL,'2019-01-02 14:48:46',NULL,NULL,NULL,NULL,NULL,NULL,NULL,NULL,'2358a640-0d9a-4354-a2d5-4c961a3198ea',NULL,NULL,NULL,NULL,NULL,NULL,NULL),('06662801-a2cf-47a4-87e0-3aae54d856f0',27,'สะโง๊ะ','นายนวัช สะโง๊ะ',NULL,'CM60/04551-001',2560,'ผักกาดกวางตุ้ง','ND','<0.018','ND',NULL,NULL,NULL,NULL,NULL,NULL,NULL,NULL,NULL,NULL,NULL,NULL,NULL,NULL,'2019-01-02 14:48:46',NULL,NULL,NULL,NULL,NULL,NULL,NULL,NULL,'2358a640-0d9a-4354-a2d5-4c961a3198ea',NULL,NULL,NULL,NULL,NULL,NULL,NULL),('3443583d-e896-4891-a6c8-3c7e20dac39c',28,'สะโง๊ะ','นางสมสาย เสาร์เปา',NULL,'CM60/04551-002',2560,'มะเขือม่วงก้านดำ','ND','ND','ND',NULL,NULL,NULL,NULL,NULL,NULL,NULL,NULL,NULL,NULL,NULL,NULL,NULL,NULL,'2019-01-02 14:48:46',NULL,NULL,NULL,NULL,NULL,NULL,NULL,NULL,'2358a640-0d9a-4354-a2d5-4c961a3198ea',NULL,NULL,NULL,NULL,NULL,NULL,NULL),('000ff4b9-5db8-40d2-a2e7-ccd73e70ed8f',29,'สะโง๊ะ','นางสมสาย เสาร์เปา',NULL,'CM60/04551-003',2560,'มะเขือม่วงก้านเขียว','ND','ND','ND',NULL,NULL,NULL,NULL,NULL,NULL,NULL,NULL,NULL,NULL,NULL,NULL,NULL,NULL,'2019-01-02 14:48:46',NULL,NULL,NULL,NULL,NULL,NULL,NULL,NULL,'2358a640-0d9a-4354-a2d5-4c961a3198ea',NULL,NULL,NULL,NULL,NULL,NULL,NULL),('1f978ec4-18c3-4dfe-91ee-f3bd0d498ce4',30,'ปางอุ๋ง','นายเก่ง แซ่เฒ่า','288','CM60/05812-054',2560,'มะเขือเทศเชอรี่','ND','ND','<0.050',NULL,NULL,NULL,NULL,NULL,NULL,NULL,NULL,NULL,NULL,NULL,NULL,NULL,NULL,'2019-01-02 14:48:46',NULL,NULL,NULL,NULL,NULL,NULL,NULL,NULL,'2358a640-0d9a-4354-a2d5-4c961a3198ea',NULL,NULL,NULL,NULL,NULL,NULL,NULL),('893a5fbc-7ea4-422f-8769-66a376a41025',31,'วัดจันทร์','คุณวิรุณ จุติไพรร่มใจจริง','32','CM60/05812-031',2560,'กะหล่ำปลีแดง','ND','ND','ND',NULL,NULL,NULL,NULL,NULL,NULL,NULL,NULL,NULL,NULL,NULL,NULL,NULL,NULL,'2019-01-02 14:48:47',NULL,NULL,NULL,NULL,NULL,NULL,NULL,NULL,'2358a640-0d9a-4354-a2d5-4c961a3198ea',NULL,NULL,NULL,NULL,NULL,NULL,NULL),('d1d2ac6a-e78a-4182-929b-18346ea5bc0a',32,'วัดจันทร์','คุณสุติ๊บ สัมพันธ์สินเชื่อ','18','CM60/05812-033',2560,'ฟักทองญี่ปุ่น','ND','ND','ND',NULL,NULL,NULL,NULL,NULL,NULL,NULL,NULL,NULL,NULL,NULL,NULL,NULL,NULL,'2019-01-02 14:48:47',NULL,NULL,NULL,NULL,NULL,NULL,NULL,NULL,'2358a640-0d9a-4354-a2d5-4c961a3198ea',NULL,NULL,NULL,NULL,NULL,NULL,NULL),('ad6a2ceb-500a-4eb5-bd63-8bd1e18d828a',33,'วัดจันทร์','คุณมีคา วุฒิเจริญการ','246','CM60/05812-032',2560,'กะหล่ำปลีแดง','ND','ND','ND',NULL,NULL,NULL,NULL,NULL,NULL,NULL,NULL,NULL,NULL,NULL,NULL,NULL,NULL,'2019-01-02 14:48:47',NULL,NULL,NULL,NULL,NULL,NULL,NULL,NULL,'2358a640-0d9a-4354-a2d5-4c961a3198ea',NULL,NULL,NULL,NULL,NULL,NULL,NULL),('61f84f5d-68f2-4494-b2d9-abb97cf6d7e1',34,'แม่สะป๊อก','คุณคำจันทร์',NULL,'CM60/05812-037',2560,'เบบี้ฮ่องเต้','ND','0.03','<0.050',NULL,NULL,NULL,NULL,NULL,NULL,NULL,NULL,NULL,NULL,NULL,NULL,NULL,NULL,'2019-01-02 14:48:47',NULL,NULL,NULL,NULL,NULL,NULL,NULL,NULL,'2358a640-0d9a-4354-a2d5-4c961a3198ea',NULL,NULL,NULL,NULL,NULL,NULL,NULL),('07f63cbe-f5f0-4ef8-9baf-df78c4769b33',35,'แม่สะป๊อก','คุณขวัญแก้ว',NULL,'CM60/05812-038',2560,'ซูกินี','ND','ND','<0.050',NULL,NULL,NULL,NULL,NULL,NULL,NULL,NULL,NULL,NULL,NULL,NULL,NULL,NULL,'2019-01-02 14:48:47',NULL,NULL,NULL,NULL,NULL,NULL,NULL,NULL,'2358a640-0d9a-4354-a2d5-4c961a3198ea',NULL,NULL,NULL,NULL,NULL,NULL,NULL),('d2e91ec2-44f6-4660-ae97-07e921d6e072',36,'แม่สะป๊อก','คุณพรศรี',NULL,'CM60/05812-039',2560,'ผักกาดกวางตุ้ง','ND','ND','<0.050',NULL,NULL,NULL,NULL,NULL,NULL,NULL,NULL,NULL,NULL,NULL,NULL,NULL,NULL,'2019-01-02 14:48:47',NULL,NULL,NULL,NULL,NULL,NULL,NULL,NULL,'2358a640-0d9a-4354-a2d5-4c961a3198ea',NULL,NULL,NULL,NULL,NULL,NULL,NULL),('a602853d-3c55-4df6-95fc-fe5814f8fd10',37,'แม่สะป๊อก','คุณทนงศักดิ์',NULL,'CM60/05812-040',2560,'คะน้าฮ่องกง','ND','0.02','<0.050',NULL,NULL,NULL,NULL,NULL,NULL,NULL,NULL,NULL,NULL,NULL,NULL,NULL,NULL,'2019-01-02 14:48:47',NULL,NULL,NULL,NULL,NULL,NULL,NULL,NULL,'2358a640-0d9a-4354-a2d5-4c961a3198ea',NULL,NULL,NULL,NULL,NULL,NULL,NULL),('1b42e77a-9149-458b-ab83-241aa415428d',38,'แม่สะป๊อก','คุณปรีชา',NULL,'CM60/05812-041',2560,'มะระหยก','ND','ND','<0.050',NULL,NULL,NULL,NULL,NULL,NULL,NULL,NULL,NULL,NULL,NULL,NULL,NULL,NULL,'2019-01-02 14:48:47',NULL,NULL,NULL,NULL,NULL,NULL,NULL,NULL,'2358a640-0d9a-4354-a2d5-4c961a3198ea',NULL,NULL,NULL,NULL,NULL,NULL,NULL),('90c78122-3237-401d-aee3-1fd34b5ac212',39,'แม่สะป๊อก','คุณเจริญ',NULL,'CM60/05812-042',2560,'ถั่วแขก','ND','ND','ND',NULL,NULL,NULL,NULL,NULL,NULL,NULL,NULL,NULL,NULL,NULL,NULL,NULL,NULL,'2019-01-02 14:48:47',NULL,NULL,NULL,NULL,NULL,NULL,NULL,NULL,'2358a640-0d9a-4354-a2d5-4c961a3198ea',NULL,NULL,NULL,NULL,NULL,NULL,NULL),('088f02f8-250e-447c-9949-7814c6faedb0',40,'แม่หลอด','นายวันชัย มอพอ',NULL,'CM60/05812-043',2560,'ลูกฟักชาโยเต้','ND','ND','<0.050',NULL,NULL,NULL,NULL,NULL,NULL,NULL,NULL,NULL,NULL,NULL,NULL,NULL,NULL,'2019-01-02 14:48:47',NULL,NULL,NULL,NULL,NULL,NULL,NULL,NULL,'2358a640-0d9a-4354-a2d5-4c961a3198ea',NULL,NULL,NULL,NULL,NULL,NULL,NULL),('4a65258d-c683-4934-8cd9-94208f081aab',41,'ห้วยน้ำริน','นายนาเต๊าะ จะหงะ',NULL,'CM60/05812-044',2560,'ถั่วแขก','ND','ND','ND',NULL,NULL,NULL,NULL,NULL,NULL,NULL,NULL,NULL,NULL,NULL,NULL,NULL,NULL,'2019-01-02 14:48:47',NULL,NULL,NULL,NULL,NULL,NULL,NULL,NULL,'2358a640-0d9a-4354-a2d5-4c961a3198ea',NULL,NULL,NULL,NULL,NULL,NULL,NULL),('844e812c-ebee-4888-9ead-f52c1edabedd',42,'ห้วยโป่ง','นายมานิต มูลแสง',NULL,'CM60/05812-045',2560,'ผักกาดขาวปลี','ND','ND','ND',NULL,NULL,NULL,NULL,NULL,NULL,NULL,NULL,NULL,NULL,NULL,NULL,NULL,NULL,'2019-01-02 14:48:47',NULL,NULL,NULL,NULL,NULL,NULL,NULL,NULL,'2358a640-0d9a-4354-a2d5-4c961a3198ea',NULL,NULL,NULL,NULL,NULL,NULL,NULL),('710a75db-1680-43db-ba1d-064358b3bda2',43,'พระบาทห้วยต้ม','คุณสิริเกียรติ',NULL,'CM60/05812-046',2560,'มะระหยก','<0.025','ND','ND',NULL,NULL,NULL,NULL,NULL,NULL,NULL,NULL,NULL,NULL,NULL,NULL,NULL,NULL,'2019-01-02 14:48:47',NULL,NULL,NULL,NULL,NULL,NULL,NULL,NULL,'2358a640-0d9a-4354-a2d5-4c961a3198ea',NULL,NULL,NULL,NULL,NULL,NULL,NULL),('43705dc2-21ba-426a-80cf-b054091cafa5',44,'พระบาทห้วยต้ม','คุณนฤมล ธนาปิพัน',NULL,'CM60/05812-047',2560,'ผักกาดกวางตุ้ง','ND','<0.018','ND',NULL,NULL,NULL,NULL,NULL,NULL,NULL,NULL,NULL,NULL,NULL,NULL,NULL,NULL,'2019-01-02 14:48:47',NULL,NULL,NULL,NULL,NULL,NULL,NULL,NULL,'2358a640-0d9a-4354-a2d5-4c961a3198ea',NULL,NULL,NULL,NULL,NULL,NULL,NULL),('b5a673c7-485e-46b2-8ede-6dbdf7a0579b',45,'พระบาทห้วยต้ม','คุณสุข แก้วทา',NULL,'CM60/05812-048',2560,'คะน้ายอด','ND','ND','ND',NULL,NULL,NULL,NULL,NULL,NULL,NULL,NULL,NULL,NULL,NULL,NULL,NULL,NULL,'2019-01-02 14:48:47',NULL,NULL,NULL,NULL,NULL,NULL,NULL,NULL,'2358a640-0d9a-4354-a2d5-4c961a3198ea',NULL,NULL,NULL,NULL,NULL,NULL,NULL),('5dd2c477-38af-439c-89ec-ae1aa0587dc5',46,'แม่แฮ','คุณสายัท',NULL,'CM60/05812-001',2560,'บีทรูท','ND','<0.018','<0.050',NULL,NULL,NULL,NULL,NULL,NULL,NULL,NULL,NULL,NULL,NULL,NULL,NULL,NULL,'2019-01-02 14:48:47',NULL,NULL,NULL,NULL,NULL,NULL,NULL,NULL,'2358a640-0d9a-4354-a2d5-4c961a3198ea',NULL,NULL,NULL,NULL,NULL,NULL,NULL),('3148e57d-d9f1-413b-8aeb-82c22f952b10',47,'แม่แฮ','คุณไพลิน',NULL,'CM60/05812-002',2560,'ต้นหอมญี่ปุ่น','ND','ND','<0.050',NULL,NULL,NULL,NULL,NULL,NULL,NULL,NULL,NULL,NULL,NULL,NULL,NULL,NULL,'2019-01-02 14:48:47',NULL,NULL,NULL,NULL,NULL,NULL,NULL,NULL,'2358a640-0d9a-4354-a2d5-4c961a3198ea',NULL,NULL,NULL,NULL,NULL,NULL,NULL),('ce37bfbd-3e82-471d-893a-8208b8cd36a6',48,'แม่แฮ','คุณณัฐพงษ์',NULL,'CM60/05812-003',2560,'ผักกาดหอมห่อ','ND','ND','ND',NULL,NULL,NULL,NULL,NULL,NULL,NULL,NULL,NULL,NULL,NULL,NULL,NULL,NULL,'2019-01-02 14:48:48',NULL,NULL,NULL,NULL,NULL,NULL,NULL,NULL,'2358a640-0d9a-4354-a2d5-4c961a3198ea',NULL,NULL,NULL,NULL,NULL,NULL,NULL),('64028183-7755-4389-b32b-bce19ac30a11',49,'แม่แฮ','คุณจะคา',NULL,'CM60/05812-004',2560,'ผักกาดขาวปลี','ND','ND','<0.050',NULL,NULL,NULL,NULL,NULL,NULL,NULL,NULL,NULL,NULL,NULL,NULL,NULL,NULL,'2019-01-02 14:48:48',NULL,NULL,NULL,NULL,NULL,NULL,NULL,NULL,'2358a640-0d9a-4354-a2d5-4c961a3198ea',NULL,NULL,NULL,NULL,NULL,NULL,NULL),('2a25a4a6-c110-4a0c-81ff-c45094cfdd71',50,'ขุนวาง','คุณอดิเรก สิริว่องวัฒนกิจ',NULL,'CM60/05812-005',2560,'เบบี้แครอท','ND','<0.018','<0.050',NULL,NULL,NULL,NULL,NULL,NULL,NULL,NULL,NULL,NULL,NULL,NULL,NULL,NULL,'2019-01-02 14:48:48',NULL,NULL,NULL,NULL,NULL,NULL,NULL,NULL,'2358a640-0d9a-4354-a2d5-4c961a3198ea',NULL,NULL,NULL,NULL,NULL,NULL,NULL),('cd3bfa0a-4dd5-4137-940e-600299cb2c5e',51,'ขุนวาง','คุณจึ พิทักษ์ไพร',NULL,'CM60/05812-006',2560,'มะเขือเทศโครงการหลวง','ND','ND','<0.050',NULL,NULL,NULL,NULL,NULL,NULL,NULL,NULL,NULL,NULL,NULL,NULL,NULL,NULL,'2019-01-02 14:48:48',NULL,NULL,NULL,NULL,NULL,NULL,NULL,NULL,'2358a640-0d9a-4354-a2d5-4c961a3198ea',NULL,NULL,NULL,NULL,NULL,NULL,NULL),('1dfa36f1-08e3-45cc-861e-9316c12bb765',52,'ขุนวาง','คุณทัศนีย์ แซ่เฮ้อ','434','CM60/05812-007',2560,'หัวไซเท้าญี่ปุ่น','ND','ND','ND',NULL,NULL,NULL,NULL,NULL,NULL,NULL,NULL,NULL,NULL,NULL,NULL,NULL,NULL,'2019-01-02 14:48:48',NULL,NULL,NULL,NULL,NULL,NULL,NULL,NULL,'2358a640-0d9a-4354-a2d5-4c961a3198ea',NULL,NULL,NULL,NULL,NULL,NULL,NULL),('37793d67-dc91-46e3-82e8-064e133be035',53,'แม่สาใหม่','นายพลภัทร ทรงกิตติกุล',NULL,'CM60/05812-008',2560,'ผักกาดหวาน','ND','ND','ND',NULL,NULL,NULL,NULL,NULL,NULL,NULL,NULL,NULL,NULL,NULL,NULL,NULL,NULL,'2019-01-02 14:48:48',NULL,NULL,NULL,NULL,NULL,NULL,NULL,NULL,'2358a640-0d9a-4354-a2d5-4c961a3198ea',NULL,NULL,NULL,NULL,NULL,NULL,NULL),('b05af457-c5d6-4973-8428-1ca2c7392761',54,'แม่สาใหม่','นายกอเกียรติ ถนอมวรกุล',NULL,'CM60/05812-009',2560,'ผักกาดหอมห่อ','ND','ND','ND',NULL,NULL,NULL,NULL,NULL,NULL,NULL,NULL,NULL,NULL,NULL,NULL,NULL,NULL,'2019-01-02 14:48:48',NULL,NULL,NULL,NULL,NULL,NULL,NULL,NULL,'2358a640-0d9a-4354-a2d5-4c961a3198ea',NULL,NULL,NULL,NULL,NULL,NULL,NULL),('3d2b679d-6124-4cda-a99d-7cc6bae9ef77',55,'แม่แพะ','คุณแก้ว ทารี','43','CM60/05812-010',2560,'ถั่วแขก','ND','ND','ND',NULL,NULL,NULL,NULL,NULL,NULL,NULL,NULL,NULL,NULL,NULL,NULL,NULL,NULL,'2019-01-02 14:48:48',NULL,NULL,NULL,NULL,NULL,NULL,NULL,NULL,'2358a640-0d9a-4354-a2d5-4c961a3198ea',NULL,NULL,NULL,NULL,NULL,NULL,NULL),('e437a9a6-7e79-4019-a590-00509809f2c5',56,'แม่แพะ','นายสมชาย มั่นธิโน','393','CM60/05812-011',2560,'แตงกวาญี่ปุ่น','ND','ND','ND',NULL,NULL,NULL,NULL,NULL,NULL,NULL,NULL,NULL,NULL,NULL,NULL,NULL,NULL,'2019-01-02 14:48:48',NULL,NULL,NULL,NULL,NULL,NULL,NULL,NULL,'2358a640-0d9a-4354-a2d5-4c961a3198ea',NULL,NULL,NULL,NULL,NULL,NULL,NULL),('d9a185a5-78dc-4cac-abca-2d45ee4343c0',57,'แม่แพะ','คุณบุญรัตน์ ทะนา','188','CM60/05812-012',2560,'ผักกาดขาวปลี','ND','ND','ND',NULL,NULL,NULL,NULL,NULL,NULL,NULL,NULL,NULL,NULL,NULL,NULL,NULL,NULL,'2019-01-02 14:48:48',NULL,NULL,NULL,NULL,NULL,NULL,NULL,NULL,'2358a640-0d9a-4354-a2d5-4c961a3198ea',NULL,NULL,NULL,NULL,NULL,NULL,NULL),('08b3ece3-70f7-4c27-b023-df243b4f06f9',58,'ห้วยน้ำขุน','คุณสุนิสา สีจะ',NULL,'CM60/05812-013',2560,'ฟิลเล่ย์','ND','ND','<0.050',NULL,NULL,NULL,NULL,NULL,NULL,NULL,NULL,NULL,NULL,NULL,NULL,NULL,NULL,'2019-01-02 14:48:48',NULL,NULL,NULL,NULL,NULL,NULL,NULL,NULL,'2358a640-0d9a-4354-a2d5-4c961a3198ea',NULL,NULL,NULL,NULL,NULL,NULL,NULL),('da3533e5-11ca-4211-8042-69d03567ac53',59,'อินทนนท์','คุณไพศาล วงค์รัตนาจุรี','1396','CM60/05812-014',2560,'เซเลอรี่','ND','0.02','<0.050',NULL,NULL,NULL,NULL,NULL,NULL,NULL,NULL,NULL,NULL,NULL,NULL,NULL,NULL,'2019-01-02 14:48:48',NULL,NULL,NULL,NULL,NULL,NULL,NULL,NULL,'2358a640-0d9a-4354-a2d5-4c961a3198ea',NULL,NULL,NULL,NULL,NULL,NULL,NULL),('e12ca426-c881-4819-98b2-97a6279df824',60,'อินทนนท์','คุณดวงจันทร์ เมฆวิชัยวงศ์','129','CM60/05812-015',2560,'ต้นหอมญี่ปุ่น','ND','ND','<0.050',NULL,NULL,NULL,NULL,NULL,NULL,NULL,NULL,NULL,NULL,NULL,NULL,NULL,NULL,'2019-01-02 14:48:48',NULL,NULL,NULL,NULL,NULL,NULL,NULL,NULL,'2358a640-0d9a-4354-a2d5-4c961a3198ea',NULL,NULL,NULL,NULL,NULL,NULL,NULL),('c497e5a7-b4d5-43c2-a454-c9e9acaf41ac',61,'หมอกจ๋าม','คุณประสงค์ ปลอแฮ','89','CM60/05812-016',2560,'มันเทศญี่ปุ่น','ND','ND','ND',NULL,NULL,NULL,NULL,NULL,NULL,NULL,NULL,NULL,NULL,NULL,NULL,NULL,NULL,'2019-01-02 14:48:48',NULL,NULL,NULL,NULL,NULL,NULL,NULL,NULL,'2358a640-0d9a-4354-a2d5-4c961a3198ea',NULL,NULL,NULL,NULL,NULL,NULL,NULL),('e9dbe153-d961-4235-87b2-8ba8d836727b',62,'หมอกจ๋าม','คุณวิลิ รักษาจิตนิรมล','7','CM60/05812-017',2560,'มะเขือม่วงก้านเขียว','ND','0.02','ND',NULL,NULL,NULL,NULL,NULL,NULL,NULL,NULL,NULL,NULL,NULL,NULL,NULL,NULL,'2019-01-02 14:48:48',NULL,NULL,NULL,NULL,NULL,NULL,NULL,NULL,'2358a640-0d9a-4354-a2d5-4c961a3198ea',NULL,NULL,NULL,NULL,NULL,NULL,NULL),('e193c14f-75ff-48f3-b295-edc20d22d39d',63,'ห้วยลึก','คุณวิศิษฐ์','550','CM60/05812-018',2560,'มะเขือม่วงก้านเขียว','ND','0.08','ND',NULL,NULL,NULL,NULL,NULL,NULL,NULL,NULL,NULL,NULL,NULL,NULL,NULL,NULL,'2019-01-02 14:48:50',NULL,NULL,NULL,NULL,NULL,NULL,NULL,NULL,'2358a640-0d9a-4354-a2d5-4c961a3198ea',NULL,NULL,NULL,NULL,NULL,NULL,NULL),('fee34367-6bfc-40e1-971a-1e08781dac18',64,'ห้วยลึก','คุณเอกชัย','345','CM60/05812-019',2560,'แตงกวาญี่ปุ่น','ND','ND','ND',NULL,NULL,NULL,NULL,NULL,NULL,NULL,NULL,NULL,NULL,NULL,NULL,NULL,NULL,'2019-01-02 14:48:50',NULL,NULL,NULL,NULL,NULL,NULL,NULL,NULL,'2358a640-0d9a-4354-a2d5-4c961a3198ea',NULL,NULL,NULL,NULL,NULL,NULL,NULL),('55787258-7335-472d-ae02-937fcdf87bda',65,'ห้วยลึก','คุณทวีศักดิ์','190','CM60/05812-020',2560,'มะเขือเทศเชอรี่','ND','0.03','<0.050',NULL,NULL,NULL,NULL,NULL,NULL,NULL,NULL,NULL,NULL,NULL,NULL,NULL,NULL,'2019-01-02 14:48:50',NULL,NULL,NULL,NULL,NULL,NULL,NULL,NULL,'2358a640-0d9a-4354-a2d5-4c961a3198ea',NULL,NULL,NULL,NULL,NULL,NULL,NULL),('a1906036-29e5-46de-b781-4c6f13b982c5',66,'ห้วยลึก','คุณชัด ขจิตเพชรจรัส',NULL,'CM60/05812-021',2560,'ข้าวโพดหวาน','ND','ND','ND',NULL,NULL,NULL,NULL,NULL,NULL,NULL,NULL,NULL,NULL,NULL,NULL,NULL,NULL,'2019-01-02 14:48:50',NULL,NULL,NULL,NULL,NULL,NULL,NULL,NULL,'2358a640-0d9a-4354-a2d5-4c961a3198ea',NULL,NULL,NULL,NULL,NULL,NULL,NULL),('f5e967e3-87d7-4ef6-b67d-0255882302c1',67,'อ่างขาง','คุณเสกม์ กิจกองหาศา','373','CM60/05812-022',2560,'กะหล่ำปลีแดง','ND','ND','ND',NULL,NULL,NULL,NULL,NULL,NULL,NULL,NULL,NULL,NULL,NULL,NULL,NULL,NULL,'2019-01-02 14:48:50',NULL,NULL,NULL,NULL,NULL,NULL,NULL,NULL,'2358a640-0d9a-4354-a2d5-4c961a3198ea',NULL,NULL,NULL,NULL,NULL,NULL,NULL),('8f84b9b9-3f1c-4f24-be98-b4d87e2811aa',68,'อ่างขาง','คุณส่อยหน่อย ออต๊ะ','317','CM60/05812-023',2560,'กะหล่ำหัวใจ','ND','0.03','<0.050',NULL,NULL,NULL,NULL,NULL,NULL,NULL,NULL,NULL,NULL,NULL,NULL,NULL,NULL,'2019-01-02 14:48:50',NULL,NULL,NULL,NULL,NULL,NULL,NULL,NULL,'2358a640-0d9a-4354-a2d5-4c961a3198ea',NULL,NULL,NULL,NULL,NULL,NULL,NULL),('330b780c-95f2-4910-a9e2-a2e0f969d80f',69,'ปางดะ','คุณพรรณี','84','CM60/05812-024',2560,'ดกกุยช่ายไต้หวัน','ND','ND','ND',NULL,NULL,NULL,NULL,NULL,NULL,NULL,NULL,NULL,NULL,NULL,NULL,NULL,NULL,'2019-01-02 14:48:50',NULL,NULL,NULL,NULL,NULL,NULL,NULL,NULL,'2358a640-0d9a-4354-a2d5-4c961a3198ea',NULL,NULL,NULL,NULL,NULL,NULL,NULL),('83f79867-9148-4023-9ffa-1437e06c81a3',70,'ปางดะ','คุณกริ่งไพร','407','CM60/05812-025',2560,'ข้าวโพดหวาน','ND','ND','ND',NULL,NULL,NULL,NULL,NULL,NULL,NULL,NULL,NULL,NULL,NULL,NULL,NULL,NULL,'2019-01-02 14:48:50',NULL,NULL,NULL,NULL,NULL,NULL,NULL,NULL,'2358a640-0d9a-4354-a2d5-4c961a3198ea',NULL,NULL,NULL,NULL,NULL,NULL,NULL),('0fb83ed1-497f-4405-b681-844e83402674',71,'หนองหอย','คุณสุวิมล','283','CM60/05812-026',2560,'คะน้าฮ่องกง','ND','ND','ND',NULL,NULL,NULL,NULL,NULL,NULL,NULL,NULL,NULL,NULL,NULL,NULL,NULL,NULL,'2019-01-02 14:48:50',NULL,NULL,NULL,NULL,NULL,NULL,NULL,NULL,'2358a640-0d9a-4354-a2d5-4c961a3198ea',NULL,NULL,NULL,NULL,NULL,NULL,NULL),('5f831d8a-9a12-426a-a355-fd670791503b',72,'หนองหอย','คุณอนุวัฒน์','522','CM60/05812-027',2560,'กะหล่ำปลี','ND','ND','ND',NULL,NULL,NULL,NULL,NULL,NULL,NULL,NULL,NULL,NULL,NULL,NULL,NULL,NULL,'2019-01-02 14:48:50',NULL,NULL,NULL,NULL,NULL,NULL,NULL,NULL,'2358a640-0d9a-4354-a2d5-4c961a3198ea',NULL,NULL,NULL,NULL,NULL,NULL,NULL),('c8dabeee-1191-4e1c-9dfe-9bed81c1d153',73,'หนองหอย','คุณคีตวัฒน์','374','CM60/05812-028',2560,'หางหงษ์','ND','ND','ND',NULL,NULL,NULL,NULL,NULL,NULL,NULL,NULL,NULL,NULL,NULL,NULL,NULL,NULL,'2019-01-02 14:48:50',NULL,NULL,NULL,NULL,NULL,NULL,NULL,NULL,'2358a640-0d9a-4354-a2d5-4c961a3198ea',NULL,NULL,NULL,NULL,NULL,NULL,NULL),('b1cb58ae-d856-404b-b4fd-f7bac05173b5',74,'หนองหอย','คุณอนุพงษ์','302','CM60/05812-029',2560,'ผักกาดหวาน','ND','ND','ND',NULL,NULL,NULL,NULL,NULL,NULL,NULL,NULL,NULL,NULL,NULL,NULL,NULL,NULL,'2019-01-02 14:48:50',NULL,NULL,NULL,NULL,NULL,NULL,NULL,NULL,'2358a640-0d9a-4354-a2d5-4c961a3198ea',NULL,NULL,NULL,NULL,NULL,NULL,NULL),('69e5dfac-b617-49f2-9c95-b071c64fe933',75,'ขุนวาง','นางเหยี่ย แซ่เฮ้อ','212','CM60/05393-001',2560,'มะเขือเทศเชอรี่แดง','ND','ND','<0.050',NULL,NULL,NULL,NULL,NULL,NULL,NULL,NULL,NULL,NULL,NULL,NULL,NULL,NULL,'2019-01-02 14:48:50',NULL,NULL,NULL,NULL,NULL,NULL,NULL,NULL,'2358a640-0d9a-4354-a2d5-4c961a3198ea',NULL,NULL,NULL,NULL,NULL,NULL,NULL),('03fb0760-fa55-48e9-a2a5-8d06a0eccc9b',76,'ขุนวาง','นายเก๊าะ มรุพงศ์','207','CM60/05393-002',2560,'พริกหวาน','ND','ND','<0.050',NULL,NULL,NULL,NULL,NULL,NULL,NULL,NULL,NULL,NULL,NULL,NULL,NULL,NULL,'2019-01-02 14:48:51',NULL,NULL,NULL,NULL,NULL,NULL,NULL,NULL,'2358a640-0d9a-4354-a2d5-4c961a3198ea',NULL,NULL,NULL,NULL,NULL,NULL,NULL),('77320038-e615-4a5d-a392-d1c7143e96ba',77,'หนองหอย','คุณชัชวาล์ย','136','CM60/06330-010',2560,'ผักกาดหอมห่อ','ND','ND','ND',NULL,NULL,NULL,NULL,NULL,NULL,NULL,NULL,NULL,NULL,NULL,NULL,NULL,NULL,'2019-01-02 14:48:51',NULL,NULL,NULL,NULL,NULL,NULL,NULL,NULL,'2358a640-0d9a-4354-a2d5-4c961a3198ea',NULL,NULL,NULL,NULL,NULL,NULL,NULL),('d2a4856d-72fa-4787-a61f-9e249f49318a',78,'หนองหอย','คุณนิกร','475','CM60/06330-011',2560,'ผักกาดขาวปลี','ND','ND','ND',NULL,NULL,NULL,NULL,NULL,NULL,NULL,NULL,NULL,NULL,NULL,NULL,NULL,NULL,'2019-01-02 14:48:51',NULL,NULL,NULL,NULL,NULL,NULL,NULL,NULL,'2358a640-0d9a-4354-a2d5-4c961a3198ea',NULL,NULL,NULL,NULL,NULL,NULL,NULL),('b61c8663-dfad-4fd6-bab2-3c5aee4fdd36',79,'ทุ่งเริง','-',NULL,'CM60/06330-007',2560,'ผักกาดกวางตุ้ง','<0.028','<0.018','ND',NULL,NULL,NULL,NULL,NULL,NULL,NULL,NULL,NULL,NULL,NULL,NULL,NULL,NULL,'2019-01-02 14:48:51',NULL,NULL,NULL,NULL,NULL,NULL,NULL,NULL,'2358a640-0d9a-4354-a2d5-4c961a3198ea',NULL,NULL,NULL,NULL,NULL,NULL,NULL),('7a0288cd-8a63-43b8-b6d1-83b4c7041bf7',80,'ทุ่งเริง','-',NULL,'CM60/06330-008',2560,'ยอดฟักซาโยเต้','ND','ND','ND',NULL,NULL,NULL,NULL,NULL,NULL,NULL,NULL,NULL,NULL,NULL,NULL,NULL,NULL,'2019-01-02 14:48:51',NULL,NULL,NULL,NULL,NULL,NULL,NULL,NULL,'2358a640-0d9a-4354-a2d5-4c961a3198ea',NULL,NULL,NULL,NULL,NULL,NULL,NULL),('5f392a95-c1d0-44cb-89c8-b2ccf7aefa63',81,'ทุ่งเริง','-',NULL,'CM60/06330-009',2560,'เบบี้อ่องเต้','ND','<0.018','ND',NULL,NULL,NULL,NULL,NULL,NULL,NULL,NULL,NULL,NULL,NULL,NULL,NULL,NULL,'2019-01-02 14:48:51',NULL,NULL,NULL,NULL,NULL,NULL,NULL,NULL,'2358a640-0d9a-4354-a2d5-4c961a3198ea',NULL,NULL,NULL,NULL,NULL,NULL,NULL),('a3f3ea3b-ade4-4b03-acb8-15178139498f',82,'ห้วยส้มป่อย','คุณต๋าโท กลางดงพนาไพร','71','CM60/06330-003',2560,'ซูกีนี','ND','ND','ND',NULL,NULL,NULL,NULL,NULL,NULL,NULL,NULL,NULL,NULL,NULL,NULL,NULL,NULL,'2019-01-02 14:48:51',NULL,NULL,NULL,NULL,NULL,NULL,NULL,NULL,'2358a640-0d9a-4354-a2d5-4c961a3198ea',NULL,NULL,NULL,NULL,NULL,NULL,NULL),('283cb346-9cf4-4e2e-99b0-647ccf13ff71',83,'ห้วยส้มป่อย','คุณวิไลวรรณ ธาดาสันติพงศ์','126','CM60/06330-002',2560,'กะหล่ำปลีหวาน','ND','ND','ND',NULL,NULL,NULL,NULL,NULL,NULL,NULL,NULL,NULL,NULL,NULL,NULL,NULL,NULL,'2019-01-02 14:48:51',NULL,NULL,NULL,NULL,NULL,NULL,NULL,NULL,'2358a640-0d9a-4354-a2d5-4c961a3198ea',NULL,NULL,NULL,NULL,NULL,NULL,NULL),('a089c7d0-26b2-4e45-b58d-9deb87bb59ee',84,'ห้วยส้มป่อย','คุณขวัญชัย มหรรณพนทีไพร','270','CM60/06330-001',2560,'บีทรูท','ND','ND','0.18',NULL,NULL,NULL,NULL,NULL,NULL,NULL,NULL,NULL,NULL,NULL,NULL,NULL,NULL,'2019-01-02 14:48:51',NULL,NULL,NULL,NULL,NULL,NULL,NULL,NULL,'2358a640-0d9a-4354-a2d5-4c961a3198ea',NULL,NULL,NULL,NULL,NULL,NULL,NULL),('e70c4b82-4a76-4c04-8e98-1470ac30bad0',85,'ห้วยเสี้ยว','นายเล่าโต้ง แซ่ย่าง','206','CM60/06330-004',2560,'ผักกาดกวางตุ้ง','ND','<0.018','ND',NULL,NULL,NULL,NULL,NULL,NULL,NULL,NULL,NULL,NULL,NULL,NULL,NULL,NULL,'2019-01-02 14:48:51',NULL,NULL,NULL,NULL,NULL,NULL,NULL,NULL,'2358a640-0d9a-4354-a2d5-4c961a3198ea',NULL,NULL,NULL,NULL,NULL,NULL,NULL),('4a44545e-fc11-433f-8281-1d5cf6e9ead2',86,'ห้วยเสี้ยว','คุณแดง ขยัน','137','CM60/06330-005',2560,'ยอดฟักซาโยเต้','ND','ND','ND',NULL,NULL,NULL,NULL,NULL,NULL,NULL,NULL,NULL,NULL,NULL,NULL,NULL,NULL,'2019-01-02 14:48:51',NULL,NULL,NULL,NULL,NULL,NULL,NULL,NULL,'2358a640-0d9a-4354-a2d5-4c961a3198ea',NULL,NULL,NULL,NULL,NULL,NULL,NULL),('8fc48ab2-b440-4134-b2d6-fd8127a1716c',87,'ห้วยเสี้ยว','นายวีระพงษ์ พงษ์พชร','308','CM60/06330-006',2560,'เบบี้ฮ่องเต้','<0.025','<0.018','ND',NULL,NULL,NULL,NULL,NULL,NULL,NULL,NULL,NULL,NULL,NULL,NULL,NULL,NULL,'2019-01-02 14:48:51',NULL,NULL,NULL,NULL,NULL,NULL,NULL,NULL,'2358a640-0d9a-4354-a2d5-4c961a3198ea',NULL,NULL,NULL,NULL,NULL,NULL,NULL),('e1fb8899-7998-480e-bc0f-69183956c1b0',88,'แม่ทาเหนือ','คุณอัมพร พือทอ','7024-0505','CM60/05833-001',2560,'ถั่วเข็ม','ND','ND','ND',NULL,NULL,NULL,NULL,NULL,NULL,NULL,NULL,NULL,NULL,NULL,NULL,NULL,NULL,'2019-01-02 14:48:51',NULL,NULL,NULL,NULL,NULL,NULL,NULL,NULL,'2358a640-0d9a-4354-a2d5-4c961a3198ea',NULL,NULL,NULL,NULL,NULL,NULL,NULL),('3afe3c70-6523-48f1-b612-c34e8c16ce7a',89,'แม่ทาเหนือ','คุณสุชาดา ดาวเงิน','7024-0758','CM60/05833-002',2560,'ข้าวโพดฟักอ่อนอินทรีย์','ND','ND','ND',NULL,NULL,NULL,NULL,NULL,NULL,NULL,NULL,NULL,NULL,NULL,NULL,NULL,NULL,'2019-01-02 14:48:51',NULL,NULL,NULL,NULL,NULL,NULL,NULL,NULL,'2358a640-0d9a-4354-a2d5-4c961a3198ea',NULL,NULL,NULL,NULL,NULL,NULL,NULL),('e9a851b0-6cff-4ec7-9e5e-a0893c70af90',90,'แม่ทาเหนือ','นายณรงค์ ดวงแก้วเรือน','7024-0794','CM60/05833-003',2560,'แตงกวาญี่ปุ่น','ND','ND','ND',NULL,NULL,NULL,NULL,NULL,NULL,NULL,NULL,NULL,NULL,NULL,NULL,NULL,NULL,'2019-01-02 14:48:51',NULL,NULL,NULL,NULL,NULL,NULL,NULL,NULL,'2358a640-0d9a-4354-a2d5-4c961a3198ea',NULL,NULL,NULL,NULL,NULL,NULL,NULL),('8ace357c-7706-499c-9a96-8da34c83e540',91,'แม่ทาเหนือ','นายสงกรานต์ ชางซอ','7024-0113','CM60/05833-004',2560,'ถั่วฟักยาวอินทรีย์','ND','ND','ND',NULL,NULL,NULL,NULL,NULL,NULL,NULL,NULL,NULL,NULL,NULL,NULL,NULL,NULL,'2019-01-02 14:48:51',NULL,NULL,NULL,NULL,NULL,NULL,NULL,NULL,'2358a640-0d9a-4354-a2d5-4c961a3198ea',NULL,NULL,NULL,NULL,NULL,NULL,NULL),('ffa814a0-feae-4db4-a5cc-67bdf3ec0087',92,'ทุ่งเรา','นายวีรยุทธ์ อนันท์วิไล',NULL,'CM60/05937-002',2560,'ยอดฟักซาโยเต้','<0.025','ND','<0.050',NULL,NULL,NULL,NULL,NULL,NULL,NULL,NULL,NULL,NULL,NULL,NULL,NULL,NULL,'2019-01-02 14:48:51',NULL,NULL,NULL,NULL,NULL,NULL,NULL,NULL,'2358a640-0d9a-4354-a2d5-4c961a3198ea',NULL,NULL,NULL,NULL,NULL,NULL,NULL),('37caf8d4-8696-41ef-a57c-8fb4dfcda5e8',93,'ทุ่งเรา','นายวัน เจริญคุณ',NULL,'CM60/05937-003',2560,'ลูกฟักชาโยเต้','<0.025','ND','ND',NULL,NULL,NULL,NULL,NULL,NULL,NULL,NULL,NULL,NULL,NULL,NULL,NULL,NULL,'2019-01-02 14:48:52',NULL,NULL,NULL,NULL,NULL,NULL,NULL,NULL,'2358a640-0d9a-4354-a2d5-4c961a3198ea',NULL,NULL,NULL,NULL,NULL,NULL,NULL),('61f68710-1596-4e5f-bc45-b6979bc5984e',94,'ปางดะ','นางสายสุนีย์ มังษา',NULL,'CM60/05937-004',2560,'ฟักบัตเตอร์นัท','<0.025','ND','ND',NULL,NULL,NULL,NULL,NULL,NULL,NULL,NULL,NULL,NULL,NULL,NULL,NULL,NULL,'2019-01-02 14:48:52',NULL,NULL,NULL,NULL,NULL,NULL,NULL,NULL,'2358a640-0d9a-4354-a2d5-4c961a3198ea',NULL,NULL,NULL,NULL,NULL,NULL,NULL),('259993e5-079c-4add-b1c7-9f8dea6395ca',95,'สะโง๊ะ','นายพรมมี ก่ำแก้ว',NULL,'CM60/05937-005',2560,'มะเขือม่วงก้านดำ','<0.025','<0.018','ND',NULL,NULL,NULL,NULL,NULL,NULL,NULL,NULL,NULL,NULL,NULL,NULL,NULL,NULL,'2019-01-02 14:48:52',NULL,NULL,NULL,NULL,NULL,NULL,NULL,NULL,'2358a640-0d9a-4354-a2d5-4c961a3198ea',NULL,NULL,NULL,NULL,NULL,NULL,NULL),('42016df3-b01b-47aa-8096-0ac0b34a9811',96,'สะโง๊ะ','นายพยุง ไชยลังกา',NULL,'CM60/05937-006',2560,'มันเทศ','<0.025','ND','<0.050',NULL,NULL,NULL,NULL,NULL,NULL,NULL,NULL,NULL,NULL,NULL,NULL,NULL,NULL,'2019-01-02 14:48:52',NULL,NULL,NULL,NULL,NULL,NULL,NULL,NULL,'2358a640-0d9a-4354-a2d5-4c961a3198ea',NULL,NULL,NULL,NULL,NULL,NULL,NULL),('08638d6f-9a8c-4275-a4a7-60c35f2a15da',97,'แกน้อย','นายราวิน แซ่ฉี่',NULL,'CM60/05937-009',2560,'ผักกาดหอมห่อ','ND','<0.018','ND',NULL,NULL,NULL,NULL,NULL,NULL,NULL,NULL,NULL,NULL,NULL,NULL,NULL,NULL,'2019-01-02 14:48:52',NULL,NULL,NULL,NULL,NULL,NULL,NULL,NULL,'2358a640-0d9a-4354-a2d5-4c961a3198ea',NULL,NULL,NULL,NULL,NULL,NULL,NULL),('28e5805a-7e64-494c-8082-eec5953f237e',98,'แกน้อย','นายยะฟู จะหา',NULL,'CM60/05937-008',2560,'ผักกาดขาวปลี','ND','<0.018','ND',NULL,NULL,NULL,NULL,NULL,NULL,NULL,NULL,NULL,NULL,NULL,NULL,NULL,NULL,'2019-01-02 14:48:52',NULL,NULL,NULL,NULL,NULL,NULL,NULL,NULL,'2358a640-0d9a-4354-a2d5-4c961a3198ea',NULL,NULL,NULL,NULL,NULL,NULL,NULL),('0d9efb2a-e5a1-4e97-89bd-eb7a118f3c92',99,'แกน้อย','นายพร เตจ๊ะฟั้น',NULL,'CM60/05937-007',2560,'กะหล่ำปลี','ND','ND','ND',NULL,NULL,NULL,NULL,NULL,NULL,NULL,NULL,NULL,NULL,NULL,NULL,NULL,NULL,'2019-01-02 14:48:52',NULL,NULL,NULL,NULL,NULL,NULL,NULL,NULL,'2358a640-0d9a-4354-a2d5-4c961a3198ea',NULL,NULL,NULL,NULL,NULL,NULL,NULL),('0c631718-c337-4b99-b89c-73a99595b82a',100,'แม่ปูนหลวง','คุณจันทร์ ','165','CM60/05769-001',2560,'ปวยเล้ง','<0.025','0.07','<0.050',NULL,NULL,NULL,NULL,NULL,NULL,NULL,NULL,NULL,NULL,NULL,NULL,NULL,NULL,'2019-01-02 14:48:52',NULL,NULL,NULL,NULL,NULL,NULL,NULL,NULL,'2358a640-0d9a-4354-a2d5-4c961a3198ea',NULL,NULL,NULL,NULL,NULL,NULL,NULL),('abb4f7ec-6f8b-44b5-a66e-977d1fdfde78',101,'แม่ปูนหลวง','คุณปฏิพัฒ ','261','CM60/05769-002',2560,'เซเลอรี่','<0.025','0.02','<0.050',NULL,NULL,NULL,NULL,NULL,NULL,NULL,NULL,NULL,NULL,NULL,NULL,NULL,NULL,'2019-01-02 14:48:52',NULL,NULL,NULL,NULL,NULL,NULL,NULL,NULL,'2358a640-0d9a-4354-a2d5-4c961a3198ea',NULL,NULL,NULL,NULL,NULL,NULL,NULL),('ccef41e5-8a96-4947-95a1-58a245a6db66',102,'แม่ปูนหลวง','คุณสุวรรณ','380','CM60/05769-003',2560,'บร๊อคโคลี่','ND','ND','ND',NULL,NULL,NULL,NULL,NULL,NULL,NULL,NULL,NULL,NULL,NULL,NULL,NULL,NULL,'2019-01-02 14:48:52',NULL,NULL,NULL,NULL,NULL,NULL,NULL,NULL,'2358a640-0d9a-4354-a2d5-4c961a3198ea',NULL,NULL,NULL,NULL,NULL,NULL,NULL),('da7341af-0454-442a-a7dd-0608c7f09709',103,'ทุ่งหลวง','คุณเสริฐคำ',NULL,'CM60/05769-004',2560,'ผักกาดขาวปลี','ND','<0.018','ND',NULL,NULL,NULL,NULL,NULL,NULL,NULL,NULL,NULL,NULL,NULL,NULL,NULL,NULL,'2019-01-02 14:48:52',NULL,NULL,NULL,NULL,NULL,NULL,NULL,NULL,'2358a640-0d9a-4354-a2d5-4c961a3198ea',NULL,NULL,NULL,NULL,NULL,NULL,NULL),('791b4f05-3d69-4af2-ac27-5e3a1cd5285e',104,'ทุ่งหลวง','คุณสิงห์คำ',NULL,'CM60/05769-005',2560,'ผักกาดขาวปลี','<0.025','ND','<0.050',NULL,NULL,NULL,NULL,NULL,NULL,NULL,NULL,NULL,NULL,NULL,NULL,NULL,NULL,'2019-01-02 14:48:52',NULL,NULL,NULL,NULL,NULL,NULL,NULL,NULL,'2358a640-0d9a-4354-a2d5-4c961a3198ea',NULL,NULL,NULL,NULL,NULL,NULL,NULL),('7f0547b9-9179-4b96-aec6-8c86b8f5be6e',105,'ทุ่งหลวง','คุณจะกา',NULL,'CM60/05769-006',2560,'ผักกาดหอมห่อ','ND','<0.018','ND',NULL,NULL,NULL,NULL,NULL,NULL,NULL,NULL,NULL,NULL,NULL,NULL,NULL,NULL,'2019-01-02 14:48:52',NULL,NULL,NULL,NULL,NULL,NULL,NULL,NULL,'2358a640-0d9a-4354-a2d5-4c961a3198ea',NULL,NULL,NULL,NULL,NULL,NULL,NULL),('517f8aec-14cf-4536-b57d-839a376eeff7',106,'ตีนตก','คุณชิดชัย พาติกรรม',NULL,'CM60/05937-012',2560,'ผักกาดขาวปลี','<0.025','0.02','ND',NULL,NULL,NULL,NULL,NULL,NULL,NULL,NULL,NULL,NULL,NULL,NULL,NULL,NULL,'2019-01-02 14:48:52',NULL,NULL,NULL,NULL,NULL,NULL,NULL,NULL,'2358a640-0d9a-4354-a2d5-4c961a3198ea',NULL,NULL,NULL,NULL,NULL,NULL,NULL),('b41227da-3dcc-4bca-8840-132589c2d119',107,'ตีนตก','คุณกฤตภาส แก้วคำไสย์',NULL,'CM60/05937-011',2560,'เบบี้ฮ่องเต้','<0.025','ND','ND',NULL,NULL,NULL,NULL,NULL,NULL,NULL,NULL,NULL,NULL,NULL,NULL,NULL,NULL,'2019-01-02 14:48:52',NULL,NULL,NULL,NULL,NULL,NULL,NULL,NULL,'2358a640-0d9a-4354-a2d5-4c961a3198ea',NULL,NULL,NULL,NULL,NULL,NULL,NULL),('74ac7385-86e1-4ff8-8fcd-a7c41bea8024',108,'ตีนตก','คุณทวีศักดิ์ แสงยาอรุณ',NULL,'CM60/05937-010',2560,'คะน้าฮ่องกง','<0.025','0.02','<0.050',NULL,NULL,NULL,NULL,NULL,NULL,NULL,NULL,NULL,NULL,NULL,NULL,NULL,NULL,'2019-01-02 14:48:52',NULL,NULL,NULL,NULL,NULL,NULL,NULL,NULL,'2358a640-0d9a-4354-a2d5-4c961a3198ea',NULL,NULL,NULL,NULL,NULL,NULL,NULL),('4d269a99-77c8-48b8-9716-f960ef1f1b3e',109,'แม่ลาน้อย','นายทองสุข วิเคราะห์ดาว',NULL,'CM60/04060-001',2560,'พริกแม็คซิกัน','ND','<0.018','<0.050',NULL,NULL,NULL,NULL,NULL,NULL,NULL,NULL,NULL,NULL,NULL,NULL,NULL,NULL,'2019-01-02 14:48:52',NULL,NULL,NULL,NULL,NULL,NULL,NULL,NULL,'2358a640-0d9a-4354-a2d5-4c961a3198ea',NULL,NULL,NULL,NULL,NULL,NULL,NULL),('a763dbe0-3bc9-45e6-a3f9-feffd3050014',110,'ปังค่า','นายสิริชัย',NULL,'CM60/04131-002',2560,'พริกหวาน','ND','ND','ND',NULL,NULL,NULL,NULL,NULL,NULL,NULL,NULL,NULL,NULL,NULL,NULL,NULL,NULL,'2019-01-02 14:48:53',NULL,NULL,NULL,NULL,NULL,NULL,NULL,NULL,'2358a640-0d9a-4354-a2d5-4c961a3198ea',NULL,NULL,NULL,NULL,NULL,NULL,NULL),('f143c163-faca-4318-8015-8126e1a90898',111,'ปังค่า','นางนภาพร  ม้าวิชัยกุล',NULL,'CM60/04131-001',2560,'กะหล่ำปลี','ND','ND','ND',NULL,NULL,NULL,NULL,NULL,NULL,NULL,NULL,NULL,NULL,NULL,NULL,NULL,NULL,'2019-01-02 14:48:53',NULL,NULL,NULL,NULL,NULL,NULL,NULL,NULL,'2358a640-0d9a-4354-a2d5-4c961a3198ea',NULL,NULL,NULL,NULL,NULL,NULL,NULL),('1949cf0e-f750-4351-9fa3-02cfe5ebf098',1,'ผาตั้ง','นายแดน ตาลำ',NULL,'CM60/04202-003',2560,'พลัมแดง','ND','ND','ND',NULL,NULL,NULL,NULL,NULL,NULL,NULL,NULL,NULL,NULL,NULL,NULL,NULL,NULL,'2019-01-02 14:48:53',NULL,NULL,NULL,NULL,NULL,NULL,NULL,NULL,'4740f313-30d0-4a06-8a76-73ee2d16a776',NULL,NULL,NULL,NULL,NULL,NULL,NULL),('d9d1a723-651a-4ce3-86be-16d2cec99b1d',2,'แม่โถ','นายบุญชา',NULL,'CM60/04282-007',2560,'องุ่น','ND','ND','<0.050',NULL,NULL,NULL,NULL,NULL,NULL,NULL,NULL,NULL,NULL,NULL,NULL,NULL,NULL,'2019-01-02 14:48:53',NULL,NULL,NULL,NULL,NULL,NULL,NULL,NULL,'4740f313-30d0-4a06-8a76-73ee2d16a776',NULL,NULL,NULL,NULL,NULL,NULL,NULL),('b44b81c9-8629-4c3d-952d-4464a6453ea4',3,'ห้วยแล้ง','นายปั๋น สมควร',NULL,'CM60/04226-003',2560,'องุ่น','ND','ND','<0.050',NULL,NULL,NULL,NULL,NULL,NULL,NULL,NULL,NULL,NULL,NULL,NULL,NULL,NULL,'2019-01-02 14:48:53',NULL,NULL,NULL,NULL,NULL,NULL,NULL,NULL,'4740f313-30d0-4a06-8a76-73ee2d16a776',NULL,NULL,NULL,NULL,NULL,NULL,NULL),('3c7594fe-7ac6-4f3e-8777-8cd779243cd2',4,'สะโง๊ะ','-',NULL,'CM60/04551-004',2560,'เสาวรสไทนุง','ND','ND','<0.050',NULL,NULL,NULL,NULL,NULL,NULL,NULL,NULL,NULL,NULL,NULL,NULL,NULL,NULL,'2019-01-02 14:48:53',NULL,NULL,NULL,NULL,NULL,NULL,NULL,NULL,'4740f313-30d0-4a06-8a76-73ee2d16a776',NULL,NULL,NULL,NULL,NULL,NULL,NULL),('0151bef7-a4c0-4166-93db-f1b857ee2097',5,'สะโง๊ะ','นายวานิตย์ จันต๊ะคาด',NULL,'CM60/04551-005',2560,'องุ่น','ND','ND','0.07',NULL,NULL,NULL,NULL,NULL,NULL,NULL,NULL,NULL,NULL,NULL,NULL,NULL,NULL,'2019-01-02 14:48:53',NULL,NULL,NULL,NULL,NULL,NULL,NULL,NULL,'4740f313-30d0-4a06-8a76-73ee2d16a776',NULL,NULL,NULL,NULL,NULL,NULL,NULL),('f1edf5c9-9e4e-4458-829c-7524492e1eb0',6,'อินทนนท์','-',NULL,'CM60/05220-006',2560,'สาลี่','ND','ND','ND',NULL,NULL,NULL,NULL,NULL,NULL,NULL,NULL,NULL,NULL,NULL,NULL,NULL,NULL,'2019-01-02 14:48:53',NULL,NULL,NULL,NULL,NULL,NULL,NULL,NULL,'4740f313-30d0-4a06-8a76-73ee2d16a776',NULL,NULL,NULL,NULL,NULL,NULL,NULL),('2ebf318e-697e-4999-893c-54ad2dea8a2c',7,'อินทนนท์','-',NULL,'CM60/05220-007',2560,'พลับฟูยู่','ND','ND','<0.050',NULL,NULL,NULL,NULL,NULL,NULL,NULL,NULL,NULL,NULL,NULL,NULL,NULL,NULL,'2019-01-02 14:48:53',NULL,NULL,NULL,NULL,NULL,NULL,NULL,NULL,'4740f313-30d0-4a06-8a76-73ee2d16a776',NULL,NULL,NULL,NULL,NULL,NULL,NULL),('3d7c5671-19b5-420b-a845-64551797e3ce',8,'แม่สะป๊อก','นายณัฐพล อินตา',NULL,'CM60/05220-008',2560,'มะละกอ','ND','ND','ND',NULL,NULL,NULL,NULL,NULL,NULL,NULL,NULL,NULL,NULL,NULL,NULL,NULL,NULL,'2019-01-02 14:48:53',NULL,NULL,NULL,NULL,NULL,NULL,NULL,NULL,'4740f313-30d0-4a06-8a76-73ee2d16a776',NULL,NULL,NULL,NULL,NULL,NULL,NULL),('407980ca-de89-4c01-a39a-9849b24fd6cf',9,'แม่หลอด','นายบรรจบ เกษมศรี',NULL,'CM60/05220-005',2560,'มะม่วง','ND','ND','ND',NULL,NULL,NULL,NULL,NULL,NULL,NULL,NULL,NULL,NULL,NULL,NULL,NULL,NULL,'2019-01-02 14:48:53',NULL,NULL,NULL,NULL,NULL,NULL,NULL,NULL,'4740f313-30d0-4a06-8a76-73ee2d16a776',NULL,NULL,NULL,NULL,NULL,NULL,NULL),('d78bfdc2-1d36-48d9-bbec-603329cb1d79',10,'แม่หลอด','นายคำ เตจิน',NULL,'CM60/05220-004',2560,'มะม่วง','ND','ND','ND',NULL,NULL,NULL,NULL,NULL,NULL,NULL,NULL,NULL,NULL,NULL,NULL,NULL,NULL,'2019-01-02 14:48:53',NULL,NULL,NULL,NULL,NULL,NULL,NULL,NULL,'4740f313-30d0-4a06-8a76-73ee2d16a776',NULL,NULL,NULL,NULL,NULL,NULL,NULL),('b788c3c1-4636-420f-b10e-b6492a19a422',11,'อ่างขาง','-',NULL,'CM60/05220-003',2560,'พี้ช','ND','ND','ND',NULL,NULL,NULL,NULL,NULL,NULL,NULL,NULL,NULL,NULL,NULL,NULL,NULL,NULL,'2019-01-02 14:48:54',NULL,NULL,NULL,NULL,NULL,NULL,NULL,NULL,'4740f313-30d0-4a06-8a76-73ee2d16a776',NULL,NULL,NULL,NULL,NULL,NULL,NULL),('8366f347-a122-43c1-b92d-f8af31d4e299',12,'อ่างขาง','-',NULL,'CM60/05220-002',2560,'พลับฟูยู่','ND','ND','ND',NULL,NULL,NULL,NULL,NULL,NULL,NULL,NULL,NULL,NULL,NULL,NULL,NULL,NULL,'2019-01-02 14:48:54',NULL,NULL,NULL,NULL,NULL,NULL,NULL,NULL,'4740f313-30d0-4a06-8a76-73ee2d16a776',NULL,NULL,NULL,NULL,NULL,NULL,NULL),('d4822739-ac1e-4d36-9a01-b2c46aaf58f0',13,'อ่างขาง','-',NULL,'CM60/05220-001',2560,'สาลี่','ND','<0.018','ND',NULL,NULL,NULL,NULL,NULL,NULL,NULL,NULL,NULL,NULL,NULL,NULL,NULL,NULL,'2019-01-02 14:48:54',NULL,NULL,NULL,NULL,NULL,NULL,NULL,NULL,'4740f313-30d0-4a06-8a76-73ee2d16a776',NULL,NULL,NULL,NULL,NULL,NULL,NULL),('a3f283a7-b983-49df-a477-5e9db28c83f8',14,'แม่สาใหม่','นายบุญศรี มูลสม',NULL,'CM60/04986-002',2560,'เสาวรสไทนุง','ND','ND','<0.050',NULL,NULL,NULL,NULL,NULL,NULL,NULL,NULL,NULL,NULL,NULL,NULL,NULL,NULL,'2019-01-02 14:48:54',NULL,NULL,NULL,NULL,NULL,NULL,NULL,NULL,'4740f313-30d0-4a06-8a76-73ee2d16a776',NULL,NULL,NULL,NULL,NULL,NULL,NULL),('f2ec0ac2-f507-40d2-904c-0fa5406a8743',15,'แม่สาใหม่','นายจันทิพย์ สาปันนา',NULL,'CM60/04986-003',2560,'มะเดื่อ','ND','ND','ND',NULL,NULL,NULL,NULL,NULL,NULL,NULL,NULL,NULL,NULL,NULL,NULL,NULL,NULL,'2019-01-02 14:48:54',NULL,NULL,NULL,NULL,NULL,NULL,NULL,NULL,'4740f313-30d0-4a06-8a76-73ee2d16a776',NULL,NULL,NULL,NULL,NULL,NULL,NULL),('43c92fce-a09c-42b4-83e5-8b96ae87678b',16,'แม่สาใหม่','นายนัฐพงค์ รัตนพันธุ์',NULL,'CM60/04986-001',2560,'องุ่น','<0.025','ND','<0.050',NULL,NULL,NULL,NULL,NULL,NULL,NULL,NULL,NULL,NULL,NULL,NULL,NULL,NULL,'2019-01-02 14:48:54',NULL,NULL,NULL,NULL,NULL,NULL,NULL,NULL,'4740f313-30d0-4a06-8a76-73ee2d16a776',NULL,NULL,NULL,NULL,NULL,NULL,NULL),('770cff6e-29bd-4297-884d-765203ad30a0',17,'แม่แพะ','นายจันทร์ วงศ์ษา',NULL,'CM60/05393-003',2560,'อาโวคาโด','ND','ND','<0.050',NULL,NULL,NULL,NULL,NULL,NULL,NULL,NULL,NULL,NULL,NULL,NULL,NULL,NULL,'2019-01-02 14:48:54',NULL,NULL,NULL,NULL,NULL,NULL,NULL,NULL,'4740f313-30d0-4a06-8a76-73ee2d16a776',NULL,NULL,NULL,NULL,NULL,NULL,NULL),('58341cef-33f9-4631-920c-20a0bab63589',18,'แม่แพะ','นางพิมพกานต์ ทารี',NULL,'CM60/05393-004',2560,'เสาวรสไทนุง','ND','ND','<0.050',NULL,NULL,NULL,NULL,NULL,NULL,NULL,NULL,NULL,NULL,NULL,NULL,NULL,NULL,'2019-01-02 14:48:54',NULL,NULL,NULL,NULL,NULL,NULL,NULL,NULL,'4740f313-30d0-4a06-8a76-73ee2d16a776',NULL,NULL,NULL,NULL,NULL,NULL,NULL),('51d47cf5-19fe-42eb-b599-756c63c656d8',19,'แม่ลาน้อย','นายกุยเชอ ปัทมะจุรี',NULL,'CM60/04060-004',2560,'เสาวรสหวาน','ND','ND','<0.050',NULL,NULL,NULL,NULL,NULL,NULL,NULL,NULL,NULL,NULL,NULL,NULL,NULL,NULL,'2019-01-02 14:48:54',NULL,NULL,NULL,NULL,NULL,NULL,NULL,NULL,'4740f313-30d0-4a06-8a76-73ee2d16a776',NULL,NULL,NULL,NULL,NULL,NULL,NULL),('a8bcccd2-459f-47bc-92a4-249c60ddd751',20,'ปังค่า','เกษตรกรบ้านปางพริก',NULL,'CM60/04131-006',2560,'เสาวรสไทนุง','ND','ND','<0.050',NULL,NULL,NULL,NULL,NULL,NULL,NULL,NULL,NULL,NULL,NULL,NULL,NULL,NULL,'2019-01-02 14:48:54',NULL,NULL,NULL,NULL,NULL,NULL,NULL,NULL,'4740f313-30d0-4a06-8a76-73ee2d16a776',NULL,NULL,NULL,NULL,NULL,NULL,NULL),('8f76078f-edfa-47ea-bf27-b451d3d810fd',21,'ปังค่า','นายหรี ศรีไพรเงิน',NULL,'CM60/04131-005',2560,'เสาวรสไทนุง','ND','ND','0.12',NULL,NULL,NULL,NULL,NULL,NULL,NULL,NULL,NULL,NULL,NULL,NULL,NULL,NULL,'2019-01-02 14:48:54',NULL,NULL,NULL,NULL,NULL,NULL,NULL,NULL,'4740f313-30d0-4a06-8a76-73ee2d16a776',NULL,NULL,NULL,NULL,NULL,NULL,NULL),('d5460688-3b66-4974-aac4-4e9b1a891ecf',22,'ปังค่า','นายเริงเดช',NULL,'CM60/04131-004',2560,'เสาวรสไทนุง','ND','ND','0.06',NULL,NULL,NULL,NULL,NULL,NULL,NULL,NULL,NULL,NULL,NULL,NULL,NULL,NULL,'2019-01-02 14:48:54',NULL,NULL,NULL,NULL,NULL,NULL,NULL,NULL,'4740f313-30d0-4a06-8a76-73ee2d16a776',NULL,NULL,NULL,NULL,NULL,NULL,NULL),('dbab98d5-45c0-4d40-928c-98de5af90862',23,'ปังค่า','นายอนุวัฒน์ ไทยใหม่',NULL,'CM60/04131-003',2560,'เสาวรสไทนุง','ND','ND','0.09',NULL,NULL,NULL,NULL,NULL,NULL,NULL,NULL,NULL,NULL,NULL,NULL,NULL,NULL,'2019-01-02 14:48:54',NULL,NULL,NULL,NULL,NULL,NULL,NULL,NULL,'4740f313-30d0-4a06-8a76-73ee2d16a776',NULL,NULL,NULL,NULL,NULL,NULL,NULL),('393564c5-06fa-4c3e-88a5-c71b3a1302c0',1,'ปางมะโอ','-',NULL,'CM60/04263-007',2560,'ใบชาอัสสัม','<0.025','0.02','0.06',NULL,NULL,NULL,NULL,NULL,NULL,NULL,NULL,NULL,NULL,NULL,NULL,NULL,NULL,'2019-01-02 14:48:54',NULL,NULL,NULL,NULL,NULL,NULL,NULL,NULL,'6c82a5cd-1c9d-4be1-b6f4-8f2bb707c9bf',NULL,NULL,NULL,NULL,NULL,NULL,NULL),('47508304-cb3f-4207-82a6-79e47fb4f79b',2,'ห้วยโป่ง','-',NULL,'CM60/04263-005',2560,'ใบชาอัสสัม','<0.025','ND','<0.050',NULL,NULL,NULL,NULL,NULL,NULL,NULL,NULL,NULL,NULL,NULL,NULL,NULL,NULL,'2019-01-02 14:48:54',NULL,NULL,NULL,NULL,NULL,NULL,NULL,NULL,'6c82a5cd-1c9d-4be1-b6f4-8f2bb707c9bf',NULL,NULL,NULL,NULL,NULL,NULL,NULL),('74fa6878-e3c7-46ac-9524-1454a8a9f7ec',3,'ป่าเมี่ยง','-',NULL,'CM60/04263-006',2560,'ใบชาอัสสัม','<0.025','ND','<0.050',NULL,NULL,NULL,NULL,NULL,NULL,NULL,NULL,NULL,NULL,NULL,NULL,NULL,NULL,'2019-01-02 14:48:54',NULL,NULL,NULL,NULL,NULL,NULL,NULL,NULL,'6c82a5cd-1c9d-4be1-b6f4-8f2bb707c9bf',NULL,NULL,NULL,NULL,NULL,NULL,NULL),('a0490cf5-bcc8-425a-8e27-fb42d66fbaaf',4,'ม่อนเงาะ','-',NULL,'CM60/04263-004',2560,'ใบชาอัสสัม','<0.025','<0.018','0.1',NULL,NULL,NULL,NULL,NULL,NULL,NULL,NULL,NULL,NULL,NULL,NULL,NULL,NULL,'2019-01-02 14:48:55',NULL,NULL,NULL,NULL,NULL,NULL,NULL,NULL,'6c82a5cd-1c9d-4be1-b6f4-8f2bb707c9bf',NULL,NULL,NULL,NULL,NULL,NULL,NULL),('ea026445-6d8a-4ab2-af54-ebbc50b229fc',5,'หห้วยน้ำขุ่น','-',NULL,'CM60/04263-003',2560,'ใบชาจีน','<0.025','<0.018','<0.050',NULL,NULL,NULL,NULL,NULL,NULL,NULL,NULL,NULL,NULL,NULL,NULL,NULL,NULL,'2019-01-02 14:48:55',NULL,NULL,NULL,NULL,NULL,NULL,NULL,NULL,'6c82a5cd-1c9d-4be1-b6f4-8f2bb707c9bf',NULL,NULL,NULL,NULL,NULL,NULL,NULL),('6e94a298-f06d-4435-9cba-5783417cf6c2',6,'อ่างขาง','-',NULL,'CM60/04263-002',2560,'ใบชาจีน','<0.025','0.02','<0.050',NULL,NULL,NULL,NULL,NULL,NULL,NULL,NULL,NULL,NULL,NULL,NULL,NULL,NULL,'2019-01-02 14:48:55',NULL,NULL,NULL,NULL,NULL,NULL,NULL,NULL,'6c82a5cd-1c9d-4be1-b6f4-8f2bb707c9bf',NULL,NULL,NULL,NULL,NULL,NULL,NULL),('45275057-bda4-4525-a3fb-4e413b83148e',7,'ขุนวาง','-',NULL,'CM60/04263-001',2560,'ใบชาจีน','<0.025','ND','<0.050',NULL,NULL,NULL,NULL,NULL,NULL,NULL,NULL,NULL,NULL,NULL,NULL,NULL,NULL,'2019-01-02 14:48:55',NULL,NULL,NULL,NULL,NULL,NULL,NULL,NULL,'6c82a5cd-1c9d-4be1-b6f4-8f2bb707c9bf',NULL,NULL,NULL,NULL,NULL,NULL,NULL),('98ae3861-d907-4026-9fd8-b876e3f88eda',8,'แม่ปูนหลวง','-',NULL,'CM60/04301-003',2560,'ชาจีน','<0.025','ND','<0.050',NULL,NULL,NULL,NULL,NULL,NULL,NULL,NULL,NULL,NULL,NULL,NULL,NULL,NULL,'2019-01-02 14:48:55',NULL,NULL,NULL,NULL,NULL,NULL,NULL,NULL,'6c82a5cd-1c9d-4be1-b6f4-8f2bb707c9bf',NULL,NULL,NULL,NULL,NULL,NULL,NULL),('ebe930af-0d78-4997-9467-899242a39624',9,'ตีนตก','-',NULL,'CM60/04301-002',2560,'ใบชาอัสสัม','<0.025','ND','<0.050',NULL,NULL,NULL,NULL,NULL,NULL,NULL,NULL,NULL,NULL,NULL,NULL,NULL,NULL,'2019-01-02 14:48:55',NULL,NULL,NULL,NULL,NULL,NULL,NULL,NULL,'6c82a5cd-1c9d-4be1-b6f4-8f2bb707c9bf',NULL,NULL,NULL,NULL,NULL,NULL,NULL),('dfaf9aa8-934d-4b0f-94c6-ab3a38678f79',10,'แม่แพะ','-',NULL,'CM60/04301-001',2560,'ใบชาอัสสัม','<0.025','ND','<0.050',NULL,NULL,NULL,NULL,NULL,NULL,NULL,NULL,NULL,NULL,NULL,NULL,NULL,NULL,'2019-01-02 14:48:55',NULL,NULL,NULL,NULL,NULL,NULL,NULL,NULL,'6c82a5cd-1c9d-4be1-b6f4-8f2bb707c9bf',NULL,NULL,NULL,NULL,NULL,NULL,NULL),('a3773e14-8d16-424e-ac17-dbc7dba42c1f',11,'แม่ปูนหลวง','นายลอตา แลเซอ',NULL,'CM60/05689-025',2560,'กาแฟอราบิก้า','ND','<0.018','<0.050',NULL,NULL,NULL,NULL,NULL,NULL,NULL,NULL,NULL,NULL,NULL,NULL,NULL,NULL,'2019-01-02 14:48:55',NULL,NULL,NULL,NULL,NULL,NULL,NULL,NULL,'6c82a5cd-1c9d-4be1-b6f4-8f2bb707c9bf',NULL,NULL,NULL,NULL,NULL,NULL,NULL),('a44b5c2e-c85a-4ab3-b60c-470640f9c68f',12,'ผาตั้ง','นายศักดิ์ชัย แซ่ปุ้ง',NULL,'CM60/05689-024',2560,'กาแฟอราบิก้า','ND','<0.018','<0.050',NULL,NULL,NULL,NULL,NULL,NULL,NULL,NULL,NULL,NULL,NULL,NULL,NULL,NULL,'2019-01-02 14:48:55',NULL,NULL,NULL,NULL,NULL,NULL,NULL,NULL,'6c82a5cd-1c9d-4be1-b6f4-8f2bb707c9bf',NULL,NULL,NULL,NULL,NULL,NULL,NULL),('1d74ee74-1f5b-453b-9e16-90d6d955ee1e',13,'แม่หลอด','-',NULL,'CM60/05689-023',2560,'กาแฟอราบิก้า','ND','0.02','<0.050',NULL,NULL,NULL,NULL,NULL,NULL,NULL,NULL,NULL,NULL,NULL,NULL,NULL,NULL,'2019-01-02 14:48:55',NULL,NULL,NULL,NULL,NULL,NULL,NULL,NULL,'6c82a5cd-1c9d-4be1-b6f4-8f2bb707c9bf',NULL,NULL,NULL,NULL,NULL,NULL,NULL),('32a9b8d0-505f-45da-8de6-72fb20131157',14,'ห้วยส้มป่อย','นางนิตย์ มงคลเจริญขัน',NULL,'CM60/05689-021',2560,'กาแฟอราบิก้า','ND','ND','<0.050',NULL,NULL,NULL,NULL,NULL,NULL,NULL,NULL,NULL,NULL,NULL,NULL,NULL,NULL,'2019-01-02 14:48:55',NULL,NULL,NULL,NULL,NULL,NULL,NULL,NULL,'6c82a5cd-1c9d-4be1-b6f4-8f2bb707c9bf',NULL,NULL,NULL,NULL,NULL,NULL,NULL),('a262bd4d-27bf-4468-93b4-36ce017d1950',15,'ห้วยส้มป่อย','นายทวีศักดิ์ มหรรณพนทีไพร',NULL,'CM60/05689-022',2560,'กาแฟอราบิก้า','ND','<0.018','<0.050',NULL,NULL,NULL,NULL,NULL,NULL,NULL,NULL,NULL,NULL,NULL,NULL,NULL,NULL,'2019-01-02 14:48:55',NULL,NULL,NULL,NULL,NULL,NULL,NULL,NULL,'6c82a5cd-1c9d-4be1-b6f4-8f2bb707c9bf',NULL,NULL,NULL,NULL,NULL,NULL,NULL),('4aa06c25-8766-4599-a94d-865524a9417f',16,'อ่างขาง','นายปะกุ้ย แซ่หว่าง',NULL,'CM60/05689-020',2560,'กาแฟอราบิก้า','<0.13','0.03','<0.050',NULL,NULL,NULL,NULL,NULL,NULL,NULL,NULL,NULL,NULL,NULL,NULL,NULL,NULL,'2019-01-02 14:48:55',NULL,NULL,NULL,NULL,NULL,NULL,NULL,NULL,'6c82a5cd-1c9d-4be1-b6f4-8f2bb707c9bf',NULL,NULL,NULL,NULL,NULL,NULL,NULL),('5ad83317-8da3-4841-8d52-14cef40c5ff4',17,'ตีนตก','นายสีนวล คงธนเมธานันท์',NULL,'CM60/05689-017',2560,'กาแฟอราบิก้า','ND','<0.018','<0.050',NULL,NULL,NULL,NULL,NULL,NULL,NULL,NULL,NULL,NULL,NULL,NULL,NULL,NULL,'2019-01-02 14:48:55',NULL,NULL,NULL,NULL,NULL,NULL,NULL,NULL,'6c82a5cd-1c9d-4be1-b6f4-8f2bb707c9bf',NULL,NULL,NULL,NULL,NULL,NULL,NULL),('f56f1e7f-6551-4f27-ba3e-ba252a2bebec',18,'ตีนตก','นายสรคำ วิวัฒน์พงษ์',NULL,'CM60/05689-018',2560,'กาแฟอราบิก้า','ND','<0.018','<0.050',NULL,NULL,NULL,NULL,NULL,NULL,NULL,NULL,NULL,NULL,NULL,NULL,NULL,NULL,'2019-01-02 14:48:55',NULL,NULL,NULL,NULL,NULL,NULL,NULL,NULL,'6c82a5cd-1c9d-4be1-b6f4-8f2bb707c9bf',NULL,NULL,NULL,NULL,NULL,NULL,NULL),('551e6cf1-da28-416a-8efd-87634f8c5f57',19,'ตีนตก','นายจรูญ ขันเป็ง',NULL,'CM60/05689-019',2560,'กาแฟอราบิก้า','ND','<0.018','<0.050',NULL,NULL,NULL,NULL,NULL,NULL,NULL,NULL,NULL,NULL,NULL,NULL,NULL,NULL,'2019-01-02 14:48:55',NULL,NULL,NULL,NULL,NULL,NULL,NULL,NULL,'6c82a5cd-1c9d-4be1-b6f4-8f2bb707c9bf',NULL,NULL,NULL,NULL,NULL,NULL,NULL),('8a56ae6c-d179-4704-860d-868d3edebeb7',20,'ห้วยน้ำขุ่น','นายทรงวุฒิ คงภัทรพงศ์',NULL,'CM60/05689-015',2560,'กาแฟอราบิก้า','ND','<0.018','<0.050',NULL,NULL,NULL,NULL,NULL,NULL,NULL,NULL,NULL,NULL,NULL,NULL,NULL,NULL,'2019-01-02 14:48:55',NULL,NULL,NULL,NULL,NULL,NULL,NULL,NULL,'6c82a5cd-1c9d-4be1-b6f4-8f2bb707c9bf',NULL,NULL,NULL,NULL,NULL,NULL,NULL),('e99bc066-cbeb-4f93-958a-a45e62cd227e',21,'ห้วยน้ำขุ่น','นายอาเบ่ว โว่ยแม้',NULL,'CM60/05689-016',2560,'กาแฟอราบิก้า','ND','<0.018','<0.050',NULL,NULL,NULL,NULL,NULL,NULL,NULL,NULL,NULL,NULL,NULL,NULL,NULL,NULL,'2019-01-02 14:48:56',NULL,NULL,NULL,NULL,NULL,NULL,NULL,NULL,'6c82a5cd-1c9d-4be1-b6f4-8f2bb707c9bf',NULL,NULL,NULL,NULL,NULL,NULL,NULL),('426117d9-a77a-4ca3-a806-e254615da1eb',22,'อินทนนท์','นายบุญผิง ทาจินะ',NULL,'CM60/05689-014',2560,'กาแฟอราบิก้า','ND','<0.018','<0.050',NULL,NULL,NULL,NULL,NULL,NULL,NULL,NULL,NULL,NULL,NULL,NULL,NULL,NULL,'2019-01-02 14:48:56',NULL,NULL,NULL,NULL,NULL,NULL,NULL,NULL,'6c82a5cd-1c9d-4be1-b6f4-8f2bb707c9bf',NULL,NULL,NULL,NULL,NULL,NULL,NULL),('f97d0325-9161-456f-8aed-effc06604792',23,'ห้วยโป่ง','นายบุญศรี ขันแก้ว',NULL,'CM60/05689-012',2560,'กาแฟอราบิก้า','ND','<0.018','<0.050',NULL,NULL,NULL,NULL,NULL,NULL,NULL,NULL,NULL,NULL,NULL,NULL,NULL,NULL,'2019-01-02 14:48:56',NULL,NULL,NULL,NULL,NULL,NULL,NULL,NULL,'6c82a5cd-1c9d-4be1-b6f4-8f2bb707c9bf',NULL,NULL,NULL,NULL,NULL,NULL,NULL),('4cba6e2e-8193-4411-9224-ab9d4acec22f',24,'ห้วยโป่ง','นายสมพัทร เต่าใจ',NULL,'CM60/05689-013',2560,'กาแฟอราบิก้า','ND','ND','<0.050',NULL,NULL,NULL,NULL,NULL,NULL,NULL,NULL,NULL,NULL,NULL,NULL,NULL,NULL,'2019-01-02 14:48:56',NULL,NULL,NULL,NULL,NULL,NULL,NULL,NULL,'6c82a5cd-1c9d-4be1-b6f4-8f2bb707c9bf',NULL,NULL,NULL,NULL,NULL,NULL,NULL),('4a39d5bb-0c1b-432b-9c59-a4e519728c7a',25,'แม่ลาน้อย','นายพะกลิ๊ อิทธิศิริศักดิ์',NULL,'CM60/05689-011',2560,'กาแฟอราบิก้า','ND','<0.018','<0.050',NULL,NULL,NULL,NULL,NULL,NULL,NULL,NULL,NULL,NULL,NULL,NULL,NULL,NULL,'2019-01-02 14:48:56',NULL,NULL,NULL,NULL,NULL,NULL,NULL,NULL,'6c82a5cd-1c9d-4be1-b6f4-8f2bb707c9bf',NULL,NULL,NULL,NULL,NULL,NULL,NULL),('8c1e358a-c1e9-4f65-afd0-b7ebda03e80b',26,'แม่ลาน้อย','ศูนย์แม่ลาน้อย',NULL,'CM60/04060-002',2560,'กาแฟอราบิก้า','0.14','<0.018','0.25',NULL,NULL,NULL,NULL,NULL,NULL,NULL,NULL,NULL,NULL,NULL,NULL,NULL,NULL,'2019-01-02 14:48:56',NULL,NULL,NULL,NULL,NULL,NULL,NULL,NULL,'6c82a5cd-1c9d-4be1-b6f4-8f2bb707c9bf',NULL,NULL,NULL,NULL,NULL,NULL,NULL),('2c743199-f6b0-4720-a4b2-2545d03c32e8',27,'แม่ลาน้อย','นายทวี ทิพมัน',NULL,'CM60/05689-010',2560,'กาแฟอราบิก้า','ND','<0.018','<0.050',NULL,NULL,NULL,NULL,NULL,NULL,NULL,NULL,NULL,NULL,NULL,NULL,NULL,NULL,'2019-01-02 14:48:56',NULL,NULL,NULL,NULL,NULL,NULL,NULL,NULL,'6c82a5cd-1c9d-4be1-b6f4-8f2bb707c9bf',NULL,NULL,NULL,NULL,NULL,NULL,NULL),('058fa670-5dfe-4f47-bea5-db32af9137c9',28,'ม่อนเงาะ','นายบุญเทียม นันตา',NULL,'CM60/05689-009',2560,'กาแฟอราบิก้า','ND','ND','<0.050',NULL,NULL,NULL,NULL,NULL,NULL,NULL,NULL,NULL,NULL,NULL,NULL,NULL,NULL,'2019-01-02 14:48:56',NULL,NULL,NULL,NULL,NULL,NULL,NULL,NULL,'6c82a5cd-1c9d-4be1-b6f4-8f2bb707c9bf',NULL,NULL,NULL,NULL,NULL,NULL,NULL),('764ce209-b3c7-4a2c-b2f4-dce0aba5d207',29,'ม่อนเงาะ','นางสุดา ใจเที่ยง',NULL,'CM60/05689-008',2560,'กาแฟอราบิก้า','ND','<0.018','<0.050',NULL,NULL,NULL,NULL,NULL,NULL,NULL,NULL,NULL,NULL,NULL,NULL,NULL,NULL,'2019-01-02 14:48:56',NULL,NULL,NULL,NULL,NULL,NULL,NULL,NULL,'6c82a5cd-1c9d-4be1-b6f4-8f2bb707c9bf',NULL,NULL,NULL,NULL,NULL,NULL,NULL),('92464cd9-0dda-4b88-9022-e46f92af08bc',30,'ป่าเมี่ยง','นางรุ่งละมัย ใจสุขเจริญ',NULL,'CM60/05689-007',2560,'กาแฟอราบิก้า','ND','ND','<0.050',NULL,NULL,NULL,NULL,NULL,NULL,NULL,NULL,NULL,NULL,NULL,NULL,NULL,NULL,'2019-01-02 14:48:56',NULL,NULL,NULL,NULL,NULL,NULL,NULL,NULL,'6c82a5cd-1c9d-4be1-b6f4-8f2bb707c9bf',NULL,NULL,NULL,NULL,NULL,NULL,NULL),('17589127-eb4d-43c3-bcb5-592710b32bdc',31,'ป่าเมี่ยง','นายบุญชาญ กำลังกล้า',NULL,'CM60/05689-006',2560,'กาแฟอราบิก้า','ND','<0.018','<0.050',NULL,NULL,NULL,NULL,NULL,NULL,NULL,NULL,NULL,NULL,NULL,NULL,NULL,NULL,'2019-01-02 14:48:56',NULL,NULL,NULL,NULL,NULL,NULL,NULL,NULL,'6c82a5cd-1c9d-4be1-b6f4-8f2bb707c9bf',NULL,NULL,NULL,NULL,NULL,NULL,NULL),('bbdc667d-1115-45c6-936e-69da924dc844',32,'ป่าเมี่ยง','นายปรีชา ขันปะเปียง',NULL,'CM60/05689-005',2560,'กาแฟอราบิก้า','ND','<0.018','<0.050',NULL,NULL,NULL,NULL,NULL,NULL,NULL,NULL,NULL,NULL,NULL,NULL,NULL,NULL,'2019-01-02 14:48:56',NULL,NULL,NULL,NULL,NULL,NULL,NULL,NULL,'6c82a5cd-1c9d-4be1-b6f4-8f2bb707c9bf',NULL,NULL,NULL,NULL,NULL,NULL,NULL),('93c78add-fd1e-4191-ad0b-da790ae09939',33,'แม่สะเรียง','นายถนอม กวีพจน์',NULL,'CM60/05689-004',2560,'กาแฟอราบิก้า','ND','<0.018','<0.050',NULL,NULL,NULL,NULL,NULL,NULL,NULL,NULL,NULL,NULL,NULL,NULL,NULL,NULL,'2019-01-02 14:48:56',NULL,NULL,NULL,NULL,NULL,NULL,NULL,NULL,'6c82a5cd-1c9d-4be1-b6f4-8f2bb707c9bf',NULL,NULL,NULL,NULL,NULL,NULL,NULL),('c131a24c-f158-484a-b5b5-e74db43c8db5',34,'ห้วยน้ำริน','นายจำรัส ไขปัญญา',NULL,'CM60/05689-003',2560,'กาแฟอราบิก้า','ND','ND','<0.050',NULL,NULL,NULL,NULL,NULL,NULL,NULL,NULL,NULL,NULL,NULL,NULL,NULL,NULL,'2019-01-02 14:48:56',NULL,NULL,NULL,NULL,NULL,NULL,NULL,NULL,'6c82a5cd-1c9d-4be1-b6f4-8f2bb707c9bf',NULL,NULL,NULL,NULL,NULL,NULL,NULL),('a11bf827-f302-4bbb-ab50-a3b1a9ce1e93',35,'แม่โถ','นายดี ดาวากาญจนา',NULL,'CM60/05689-002',2560,'กาแฟอราบิก้า','ND','ND','<0.050',NULL,NULL,NULL,NULL,NULL,NULL,NULL,NULL,NULL,NULL,NULL,NULL,NULL,NULL,'2019-01-02 14:48:56',NULL,NULL,NULL,NULL,NULL,NULL,NULL,NULL,'6c82a5cd-1c9d-4be1-b6f4-8f2bb707c9bf',NULL,NULL,NULL,NULL,NULL,NULL,NULL),('493da99c-1dfc-4c2c-962c-451fea1fcc18',36,'ป่างอุ๋ง','-',NULL,'CM60/05689-001',2560,'กาแฟอราบิก้า','ND','ND','<0.050',NULL,NULL,NULL,NULL,NULL,NULL,NULL,NULL,NULL,NULL,NULL,NULL,NULL,NULL,'2019-01-02 14:48:56',NULL,NULL,NULL,NULL,NULL,NULL,NULL,NULL,'6c82a5cd-1c9d-4be1-b6f4-8f2bb707c9bf',NULL,NULL,NULL,NULL,NULL,NULL,NULL),('a211415d-5ef4-4cbe-ab1a-2684eedeb11c',37,'ตีนตก','นายเพิ่ม บุญวิเศษ',NULL,'CM60/06704-002',2560,'กาแฟอราบิก้า','ND','<0.018','<0.050',NULL,NULL,NULL,NULL,NULL,NULL,NULL,NULL,NULL,NULL,NULL,NULL,NULL,NULL,'2019-01-02 14:48:57',NULL,NULL,NULL,NULL,NULL,NULL,NULL,NULL,'6c82a5cd-1c9d-4be1-b6f4-8f2bb707c9bf',NULL,NULL,NULL,NULL,NULL,NULL,NULL),('67bd7553-eb55-4c17-a590-3eca0d96e92a',38,'ป่าเมี่ยง','นางสุพัตรา วรรณฤทธิ์',NULL,'CM60/06704-001',2560,'กาแฟอราบิก้า','ND','0.02','<0.050',NULL,NULL,NULL,NULL,NULL,NULL,NULL,NULL,NULL,NULL,NULL,NULL,NULL,NULL,'2019-01-02 14:48:57',NULL,NULL,NULL,NULL,NULL,NULL,NULL,NULL,'6c82a5cd-1c9d-4be1-b6f4-8f2bb707c9bf',NULL,NULL,NULL,NULL,NULL,NULL,NULL),('050fda9b-741f-430e-8820-a837301c47be',1,NULL,'ห้วยแม่แกน (ต้นน้ำ)',NULL,NULL,2554,NULL,'ND','ND','ND','ND','ND',NULL,'ND',NULL,'ND',NULL,'ND',NULL,'ND',479844,2173226,NULL,NULL,'2019-01-02 14:51:19','230','130','ND','1.23','7.15','0.8','ND','ND','886cf40d-039e-4d6e-a69f-3fdbb213d9b5',NULL,NULL,NULL,NULL,NULL,NULL,NULL),('a3b187d7-b8f7-46dc-9723-580c1ae31749',2,NULL,'ห้วยแม่แกน (กลางน้ำ)',NULL,NULL,NULL,NULL,'ND','ND','ND','ND','ND',NULL,'ND',NULL,'ND',NULL,'ND',NULL,'ND',479270,2173505,NULL,NULL,'2019-01-02 14:51:19','110','33','<0.0050','1.06','7.98','1.31','ND','ND','886cf40d-039e-4d6e-a69f-3fdbb213d9b5',NULL,NULL,NULL,NULL,NULL,NULL,NULL),('20e8a0c8-1185-4716-88b6-1a460da6e6a9',3,NULL,'ห้วยแม่แกน (ปลายน้ำ)',NULL,NULL,NULL,NULL,'<0.0010','ND','ND','ND','ND',NULL,'ND',NULL,'ND',NULL,'ND',NULL,'ND',477305,2174046,NULL,NULL,'2019-01-02 14:51:19','490','330','<0.0050','6.28','7.58','1.52','ND','ND','886cf40d-039e-4d6e-a69f-3fdbb213d9b5',NULL,NULL,NULL,NULL,NULL,NULL,NULL),('a6292767-2e53-4f00-810a-e84623fb8646',4,NULL,'ห้วยแม่แกน (ต้นน้ำ)',NULL,NULL,2555,NULL,'ND','ND','ND','ND','ND',NULL,'ND',NULL,'ND',NULL,'ND',NULL,'ND',479824,2173251,NULL,NULL,'2019-01-02 14:51:19','230','49','ND','1.6','7.34','1.92','ND','ND','886cf40d-039e-4d6e-a69f-3fdbb213d9b5',NULL,NULL,NULL,NULL,NULL,NULL,NULL),('58403394-c95e-491e-a27d-d4ec1bc097dd',5,NULL,'ห้วยแม่แกน (กลางน้ำ)',NULL,NULL,NULL,NULL,'ND','ND','ND','ND','ND',NULL,'ND',NULL,'ND',NULL,'ND',NULL,'ND',479260,2173530,NULL,NULL,'2019-01-02 14:51:19','79','33','ND','1.68','8.12','2.72','<0.40','ND','886cf40d-039e-4d6e-a69f-3fdbb213d9b5',NULL,NULL,NULL,NULL,NULL,NULL,NULL),('c03ab278-ca36-480a-8ff2-e539b2032f12',6,NULL,'ห้วยแม่แกน (ปลายน้ำ)',NULL,NULL,NULL,NULL,'<0.0010','ND','ND','ND','ND',NULL,'ND',NULL,'ND',NULL,'ND',NULL,'ND',477294,2174042,NULL,NULL,'2019-01-02 14:51:19','3300','3300','ND','7.27','5.03','2.62','<0.40','ND','886cf40d-039e-4d6e-a69f-3fdbb213d9b5',NULL,NULL,NULL,NULL,NULL,NULL,NULL),('ae78a7f9-04d0-4b39-9d87-0ad28387b402',7,NULL,'ลำน้ำแตง (ต้นน้ำ)',NULL,NULL,2556,NULL,'ND','< 0.0010','ND','ND','ND',NULL,'ND',NULL,'ND',NULL,'ND',NULL,'ND',477905,2178829,NULL,NULL,'2019-01-02 14:51:19','3300','1700','ND','32.7','6.8','0.75','<0.40','ND','886cf40d-039e-4d6e-a69f-3fdbb213d9b5',NULL,NULL,NULL,NULL,NULL,NULL,NULL),('154209c1-d8a1-4b41-8211-8c83445bad9a',8,NULL,'ลำน้ำแตง (กลางน้ำ)',NULL,NULL,NULL,NULL,'ND','0','ND','ND','ND',NULL,'ND',NULL,'ND',NULL,'ND',NULL,'ND',478333,2176845,NULL,NULL,'2019-01-02 14:51:19','2300','790','ND','9.87','7.8','0.85','ND','ND','886cf40d-039e-4d6e-a69f-3fdbb213d9b5',NULL,NULL,NULL,NULL,NULL,NULL,NULL),('9e236c45-48f3-46d8-8f8e-ff17d019ae8f',9,NULL,'ลำน้ำแตง (ปลายน้ำ)',NULL,NULL,NULL,NULL,'ND','< 0.0010','ND','ND','ND',NULL,'ND',NULL,'ND',NULL,'ND',NULL,'ND',476998,2175256,NULL,NULL,'2019-01-02 14:51:19','490','49','ND','8.59','7.5','0.6','ND','ND','886cf40d-039e-4d6e-a69f-3fdbb213d9b5',NULL,NULL,NULL,NULL,NULL,NULL,NULL),('59d8a6b0-a438-41ca-a0cf-7b02d85c3936',10,NULL,'ลำน้ำแตง (ต้นน้ำ)',NULL,NULL,2557,NULL,'ND','-','-','-','-',NULL,'ND',NULL,'ND',NULL,'ND',NULL,'ND',473766,2174263,NULL,NULL,'2019-01-02 14:51:19','490','330','-','37.96','7.5','1.1','<0.40','ND','886cf40d-039e-4d6e-a69f-3fdbb213d9b5',NULL,NULL,NULL,NULL,NULL,NULL,NULL),('4f03faac-edb7-4541-b2d4-fad8ce2c8904',11,NULL,'ลำน้ำแตง (กลางน้ำ)',NULL,NULL,NULL,NULL,'ND','-','-','-','-',NULL,'ND',NULL,'ND',NULL,'ND',NULL,'ND',477869,2178427,NULL,NULL,'2019-01-02 14:51:20','130','79','-','7.13','7.8','0.9','ND','ND','886cf40d-039e-4d6e-a69f-3fdbb213d9b5',NULL,NULL,NULL,NULL,NULL,NULL,NULL),('9ed8cf9f-256f-4194-bd6f-ba79bb0d6027',12,NULL,'ลำน้ำแตง (จุดเสี่ยง 1)',NULL,NULL,NULL,NULL,'ND','-','-','-','-',NULL,'ND',NULL,'ND',NULL,'ND',NULL,'ND',477819,2177561,NULL,NULL,'2019-01-02 14:51:20','1100','700','-','7.93','7.5','1.1','<0.40','0.53','886cf40d-039e-4d6e-a69f-3fdbb213d9b5',NULL,NULL,NULL,NULL,NULL,NULL,NULL),('02cb6896-f543-4f80-b0e5-c0b9a9077372',13,NULL,'ลำน้ำแตง (จุดเสี่ยง 2)',NULL,NULL,NULL,NULL,'ND','-','-','-','-',NULL,'ND',NULL,'ND',NULL,'ND',NULL,'ND',476811,2175414,NULL,NULL,'2019-01-02 14:51:20','700','460','-','42.09','7.9','1.3','0.8','ND','886cf40d-039e-4d6e-a69f-3fdbb213d9b5',NULL,NULL,NULL,NULL,NULL,NULL,NULL),('55f946a7-5194-408e-82fe-205b6ef22254',14,NULL,'ลำน้ำแม่แกน ',NULL,NULL,2558,NULL,'ND','-','-','-','-',NULL,'ND',NULL,'ND',NULL,'ND',NULL,'ND',479810,2173265,1060.00,NULL,'2019-01-02 14:51:20','49','33','-','1.57','7.7','1.2','<0.40','0.13','886cf40d-039e-4d6e-a69f-3fdbb213d9b5',NULL,NULL,NULL,NULL,NULL,NULL,NULL),('00c31bcf-d1ff-4ba9-a607-3880deda4488',15,NULL,'ลำน้ำแตง',NULL,NULL,NULL,NULL,'< 0.00100','-','-','-','-',NULL,'ND',NULL,'ND',NULL,'ND',NULL,'ND',477866,2178425,968.00,NULL,'2019-01-02 14:51:20','2300','790','-','6.91','7.7','1.3','<0.40','ND','886cf40d-039e-4d6e-a69f-3fdbb213d9b5',NULL,NULL,NULL,NULL,NULL,NULL,NULL),('3882d5da-4a97-49cb-b17e-dbf89a751d09',16,NULL,'ลำน้ำแม่แกน ',NULL,NULL,NULL,NULL,'< 0.00100','-','-','-','-',NULL,'ND',NULL,'ND',NULL,'ND',NULL,'ND',477282,2174049,953.00,NULL,'2019-01-02 14:51:20','160000','3300','-','5.59','7','1.1','<0.40','0.53','886cf40d-039e-4d6e-a69f-3fdbb213d9b5',NULL,NULL,NULL,NULL,NULL,NULL,NULL),('879f814d-7d02-4b1c-b846-a543606d1655',17,NULL,'น้ำแม่แตง',NULL,NULL,NULL,NULL,'< 0.00100','-','-','-','-',NULL,'ND',NULL,'ND',NULL,'ND',NULL,'ND',478485,2176543,969.00,NULL,'2019-01-02 14:51:20','1700','1700','-','17.12','6.5','0.65','<0.40','ND','886cf40d-039e-4d6e-a69f-3fdbb213d9b5',NULL,NULL,NULL,NULL,NULL,NULL,NULL),('64f9d320-d2dc-46fa-a3ca-d2cbce7a9902',18,NULL,'น้ำแม่แตง',NULL,NULL,NULL,NULL,'ND','-','-','-','-',NULL,'ND',NULL,'ND',NULL,'ND',NULL,'ND',473778,2174266,913.00,NULL,'2019-01-02 14:51:20','330','79','-','38.25','7','1.1','<0.40','ND','886cf40d-039e-4d6e-a69f-3fdbb213d9b5',NULL,NULL,NULL,NULL,NULL,NULL,NULL),('70c72a9b-50f5-45c8-a9d3-dd4e5dd02bf7',19,NULL,'แม่แกน (กลางน้ำ)',NULL,NULL,2559,NULL,'NA','-','-','-','-',NULL,'ND',NULL,'ND',NULL,'ND',NULL,'ND',478039,2173666,943.00,NULL,'2019-01-02 14:51:20','1400','1400','-','NA','5.7','0.4','ND','0.39','886cf40d-039e-4d6e-a69f-3fdbb213d9b5',NULL,NULL,NULL,NULL,NULL,NULL,NULL),('e80c51ca-00cd-4d22-97f0-430f809a2db7',20,NULL,'น้ำแม่แกน (ปลายน้ำ)',NULL,NULL,NULL,NULL,'NA','-','-','-','-',NULL,'ND',NULL,'ND',NULL,'ND',NULL,'ND',476978,2174856,932.00,NULL,'2019-01-02 14:51:20','1300','280','-','NA','6.8','1','0.07','0.39','886cf40d-039e-4d6e-a69f-3fdbb213d9b5',NULL,NULL,NULL,NULL,NULL,NULL,NULL),('76216360-397e-4f21-a243-64c30190e555',21,NULL,'ลำนำแม่แตง (กลางน้ำ)',NULL,NULL,NULL,NULL,'NA','-','-','-','-',NULL,'ND',NULL,'ND',NULL,'ND',NULL,'ND',476761,2175471,934.00,NULL,'2019-01-02 14:51:20','490','170','-','NA','8.2','0.7','0.05','0.92','886cf40d-039e-4d6e-a69f-3fdbb213d9b5',NULL,NULL,NULL,NULL,NULL,NULL,NULL),('0f7bb546-c389-41f8-926e-e0dde3526a66',22,NULL,'ลำน้ำห้วยแม่แกน',NULL,NULL,2560,NULL,'0','-','-','-','-',NULL,'ND',NULL,'ND',NULL,'ND',NULL,'ND',478335,2174506,1011.00,NULL,'2019-01-02 14:51:20','79','13','-','1.4','7.56','0.14','< 0.40','ND','886cf40d-039e-4d6e-a69f-3fdbb213d9b5',NULL,NULL,NULL,NULL,NULL,NULL,NULL),('f6b8d2d2-b62d-45ef-8ac0-ba3c6609d2b1',23,NULL,'ลำน้ำแม่แกน',NULL,NULL,NULL,NULL,'0','-','-','-','-',NULL,'ND',NULL,'ND',NULL,'ND',NULL,'ND',476994,2174480,955.00,NULL,'2019-01-02 14:51:20','1400','33','-','10','9.43','0.46','< 0.40','ND','886cf40d-039e-4d6e-a69f-3fdbb213d9b5',NULL,NULL,NULL,NULL,NULL,NULL,NULL),('6b270200-8015-40d6-aada-49a8e0322e4e',24,NULL,'ปลายน้ำห้วยแม่แตง',NULL,NULL,NULL,NULL,'0','-','-','-','-',NULL,'ND',NULL,'ND',NULL,'ND',NULL,'ND',478829,2175703,957.00,NULL,'2019-01-02 14:51:20','230','79','-','37.82','6.9','0.29','0.62','ND','886cf40d-039e-4d6e-a69f-3fdbb213d9b5',NULL,NULL,NULL,NULL,NULL,NULL,NULL),('d5281d95-f260-4c1a-95d0-4d0d0aada7a1',25,NULL,'ลำน้ำแม่แกน',NULL,NULL,NULL,NULL,'0','-','-','-','-',NULL,'ND',NULL,'ND',NULL,'ND',NULL,'ND',476763,2175465,948.00,NULL,'2019-01-02 14:51:20','2300','49','-','38.26','7.82','0.42','0.49','0.43','886cf40d-039e-4d6e-a69f-3fdbb213d9b5',NULL,NULL,NULL,NULL,NULL,NULL,NULL),('01b27d98-7b6d-4c92-8e89-8f0984b34cd5',26,NULL,'อ่างเก็บน้ำเกษตรที่สูง',NULL,NULL,NULL,NULL,'0','-','-','-','-',NULL,'ND',NULL,'ND',NULL,'ND',NULL,'ND',479200,2174648,995.00,NULL,'2019-01-02 14:51:20','3300','17','-','8.46','6.89','0.57','0.5','0.29','886cf40d-039e-4d6e-a69f-3fdbb213d9b5',NULL,NULL,NULL,NULL,NULL,NULL,NULL),('4d89ad74-7b0f-4a33-b8e0-e9a8453b33d8',27,NULL,'-',NULL,NULL,NULL,NULL,NULL,NULL,NULL,NULL,NULL,NULL,NULL,NULL,NULL,NULL,NULL,NULL,NULL,NULL,NULL,NULL,NULL,'2019-01-02 14:51:20',NULL,NULL,NULL,NULL,NULL,NULL,NULL,NULL,'886cf40d-039e-4d6e-a69f-3fdbb213d9b5',NULL,NULL,NULL,NULL,NULL,NULL,NULL);
/*!40000 ALTER TABLE `data_rows` ENABLE KEYS */;
UNLOCK TABLES;

--
-- Table structure for table `data_sheets`
--

DROP TABLE IF EXISTS `data_sheets`;
/*!40101 SET @saved_cs_client     = @@character_set_client */;
/*!40101 SET character_set_client = utf8 */;
CREATE TABLE `data_sheets` (
  `id` char(36) NOT NULL,
  `name` varchar(100) NOT NULL,
  `seq` int(11) DEFAULT 0,
  `created` datetime DEFAULT NULL,
  `modified` datetime DEFAULT NULL,
  `data_id` char(36) NOT NULL,
  `title` varchar(255) DEFAULT NULL,
  `header` varchar(100) DEFAULT NULL,
  PRIMARY KEY (`id`)
) ENGINE=MyISAM DEFAULT CHARSET=utf8;
/*!40101 SET character_set_client = @saved_cs_client */;

--
-- Dumping data for table `data_sheets`
--

LOCK TABLES `data_sheets` WRITE;
/*!40000 ALTER TABLE `data_sheets` DISABLE KEYS */;
INSERT INTO `data_sheets` VALUES ('205d90d5-33a6-4536-ab31-5be5f43e1a42','รวมดิน',1,'2019-01-02 14:48:41','2019-01-02 14:48:41','02c9d0d4-6a01-4263-b033-fc72d0951182','ผลการตรวจวิเคราะห์ดิน ปี 2554-2560 โครงการพัฒนาพื้นที่สูงแบบโครงการหลวงป่ากล้วย','SOIL'),('d528f7cc-7b56-404f-9387-0a139fd22f26','รวมน้ำ',2,'2019-01-02 14:48:42','2019-01-02 14:48:42','02c9d0d4-6a01-4263-b033-fc72d0951182','ผลการตรวจวิเคราะห์คุณภาพน้ำ ปี 2554-2560 โครงการพัฒนาพื้นที่สูงแบบโครงการหลวงป่ากล้วย','WATER'),('2358a640-0d9a-4354-a2d5-4c961a3198ea','ผัก',1,'2019-01-02 14:48:45','2019-01-02 14:48:45','d220520f-565d-403b-b8f0-32c63fecada8','รายงานผลการวิเคราะห์โลหะหนักในพืช ในพื้นที่โครงการหลวง ปี 2560','PLANT'),('4740f313-30d0-4a06-8a76-73ee2d16a776','ไม้ผล',2,'2019-01-02 14:48:53','2019-01-02 14:48:53','d220520f-565d-403b-b8f0-32c63fecada8',NULL,'PLANT'),('6c82a5cd-1c9d-4be1-b6f4-8f2bb707c9bf','ชากาแฟ',3,'2019-01-02 14:48:54','2019-01-02 14:48:54','d220520f-565d-403b-b8f0-32c63fecada8','รายงานผลการวิเคราะห์โลหะหนักในพืช ในพื้นที่โครงการหลวง ปี 2560','PLANT'),('886cf40d-039e-4d6e-a69f-3fdbb213d9b5','รวมน้ำ',1,'2019-01-02 14:51:19','2019-01-02 14:51:19','c10c8e58-7485-457c-bdeb-c74f9d4ae750','ผลการตรวจวิเคราะห์คุณภาพน้ำ ปี 2554-2560 ศูนย์พัฒนาโครงการหลวง แกน้อย ','WATER');
/*!40000 ALTER TABLE `data_sheets` ENABLE KEYS */;
UNLOCK TABLES;

--
-- Table structure for table `datas`
--

DROP TABLE IF EXISTS `datas`;
/*!40101 SET @saved_cs_client     = @@character_set_client */;
/*!40101 SET character_set_client = utf8 */;
CREATE TABLE `datas` (
  `id` char(36) NOT NULL,
  `name` varchar(255) NOT NULL,
  `created` datetime DEFAULT NULL,
  `modified` datetime DEFAULT NULL,
  `user_id` char(36) NOT NULL,
  `description` text DEFAULT NULL,
  PRIMARY KEY (`id`)
) ENGINE=MyISAM DEFAULT CHARSET=utf8;
/*!40101 SET character_set_client = @saved_cs_client */;

--
-- Dumping data for table `datas`
--

LOCK TABLES `datas` WRITE;
/*!40000 ALTER TABLE `datas` DISABLE KEYS */;
INSERT INTO `datas` VALUES ('02c9d0d4-6a01-4263-b033-fc72d0951182','โครงการฯ ป่ากล้วย54-60-2.xlsx','2019-01-02 14:48:41','2019-01-02 14:48:41','cbafe4c8-b324-4576-b954-34c849c6ecc2',NULL),('d220520f-565d-403b-b8f0-32c63fecada8','สรุปผลผลวิเคราะห์โลหะหนักในพืช คกล 60_2.xlsx','2019-01-02 14:48:45','2019-01-02 14:48:45','cbafe4c8-b324-4576-b954-34c849c6ecc2',NULL),('c10c8e58-7485-457c-bdeb-c74f9d4ae750','แกน้อย-2.xlsx','2019-01-02 14:51:19','2019-01-02 14:51:19','cbafe4c8-b324-4576-b954-34c849c6ecc2',NULL);
/*!40000 ALTER TABLE `datas` ENABLE KEYS */;
UNLOCK TABLES;

--
-- Table structure for table `users`
--

DROP TABLE IF EXISTS `users`;
/*!40101 SET @saved_cs_client     = @@character_set_client */;
/*!40101 SET character_set_client = utf8 */;
CREATE TABLE `users` (
  `id` char(36) NOT NULL,
  `usercode` varchar(100) DEFAULT NULL,
  `title` varchar(60) DEFAULT NULL,
  `firstname` varchar(100) NOT NULL,
  `lastname` varchar(100) NOT NULL,
  `password` varchar(100) NOT NULL,
  `email` varchar(100) NOT NULL,
  `phone` varchar(100) DEFAULT NULL,
  `isactive` enum('Y','N') DEFAULT 'N',
  `gender` enum('F','M') DEFAULT NULL,
  `created` datetime DEFAULT NULL,
  `updated` datetime DEFAULT NULL,
  `verifycode` varchar(255) DEFAULT NULL,
  `position` varchar(100) DEFAULT NULL,
  `image_id` char(36) DEFAULT NULL,
  PRIMARY KEY (`id`)
) ENGINE=InnoDB DEFAULT CHARSET=utf8;
/*!40101 SET character_set_client = @saved_cs_client */;

--
-- Dumping data for table `users`
--

LOCK TABLES `users` WRITE;
/*!40000 ALTER TABLE `users` DISABLE KEYS */;
INSERT INTO `users` VALUES ('cbafe4c8-b324-4576-b954-34c849c6ecc2','test@dpo.go.th','ad','ad','ad','$2y$10$y9Vouv5eBnbumleCY81I6.Hdhk8rUjTkUq/WcRkI9SaLLefs0MlLy','admin@excel.com','','N','F','2018-11-28 16:45:32',NULL,'','',NULL),('f332f204-cb67-49fd-934a-5bc7713d34b3','test@dpo.go.th','ad','admin','admin','0000','xxx@xx.xx','0888888888','N','M','2018-11-28 15:40:16',NULL,'','',NULL);
/*!40000 ALTER TABLE `users` ENABLE KEYS */;
UNLOCK TABLES;
/*!40103 SET TIME_ZONE=@OLD_TIME_ZONE */;

/*!40101 SET SQL_MODE=@OLD_SQL_MODE */;
/*!40014 SET FOREIGN_KEY_CHECKS=@OLD_FOREIGN_KEY_CHECKS */;
/*!40014 SET UNIQUE_CHECKS=@OLD_UNIQUE_CHECKS */;
/*!40101 SET CHARACTER_SET_CLIENT=@OLD_CHARACTER_SET_CLIENT */;
/*!40101 SET CHARACTER_SET_RESULTS=@OLD_CHARACTER_SET_RESULTS */;
/*!40101 SET COLLATION_CONNECTION=@OLD_COLLATION_CONNECTION */;
/*!40111 SET SQL_NOTES=@OLD_SQL_NOTES */;

-- Dump completed on 2019-01-02 22:45:33
