-- MySQL dump 10.13  Distrib 5.7.17, for macos10.12 (x86_64)
--
-- Host: 103.86.48.105    Database: admin_excel
-- ------------------------------------------------------
-- Server version	5.5.5-10.3.9-MariaDB

/*!40101 SET @OLD_CHARACTER_SET_CLIENT=@@CHARACTER_SET_CLIENT */;
/*!40101 SET @OLD_CHARACTER_SET_RESULTS=@@CHARACTER_SET_RESULTS */;
/*!40101 SET @OLD_COLLATION_CONNECTION=@@COLLATION_CONNECTION */;
/*!40101 SET NAMES utf8 */;
/*!40103 SET @OLD_TIME_ZONE=@@TIME_ZONE */;
/*!40103 SET TIME_ZONE='+00:00' */;
/*!40014 SET @OLD_UNIQUE_CHECKS=@@UNIQUE_CHECKS, UNIQUE_CHECKS=0 */;
/*!40014 SET @OLD_FOREIGN_KEY_CHECKS=@@FOREIGN_KEY_CHECKS, FOREIGN_KEY_CHECKS=0 */;
/*!40101 SET @OLD_SQL_MODE=@@SQL_MODE, SQL_MODE='NO_AUTO_VALUE_ON_ZERO' */;
/*!40111 SET @OLD_SQL_NOTES=@@SQL_NOTES, SQL_NOTES=0 */;

--
-- Table structure for table `data_rows`
--

DROP TABLE IF EXISTS `data_rows`;
/*!40101 SET @saved_cs_client     = @@character_set_client */;
/*!40101 SET character_set_client = utf8 */;
CREATE TABLE `data_rows` (
  `id` char(36) NOT NULL,
  `seq` int(11) NOT NULL,
  `office_center` varchar(100) DEFAULT NULL,
  `fullname` varchar(100) NOT NULL,
  `farmer_code` varchar(45) DEFAULT NULL,
  `code` varchar(45) DEFAULT NULL,
  `year` int(11) DEFAULT NULL,
  `plant_type` varchar(45) DEFAULT NULL,
  `ppm_as` varchar(45) DEFAULT NULL,
  `ppm_cd` varchar(45) DEFAULT NULL,
  `ppm_pb` varchar(45) DEFAULT NULL,
  `ppm_cr` varchar(45) DEFAULT NULL,
  `ppm_hg` varchar(45) DEFAULT NULL,
  `oc_item` varchar(45) DEFAULT NULL,
  `oc_weight` varchar(45) DEFAULT NULL,
  `py_item` varchar(45) DEFAULT NULL,
  `py_weight` varchar(45) DEFAULT NULL,
  `op_item` varchar(45) DEFAULT NULL,
  `op_weight` varchar(45) DEFAULT NULL,
  `ca_item` varchar(45) DEFAULT NULL,
  `ca_weight` varchar(45) DEFAULT NULL,
  `coordinates_e` int(11) DEFAULT NULL,
  `coordinates_n` int(11) DEFAULT NULL,
  `high` decimal(16,2) DEFAULT NULL,
  `description` text DEFAULT NULL,
  `created` datetime DEFAULT NULL,
  `coliform` varchar(45) DEFAULT NULL,
  `fecal` varchar(45) DEFAULT NULL,
  `nutrient_cu` varchar(45) DEFAULT NULL,
  `nutrient_ca` varchar(45) DEFAULT NULL,
  `chemical_do` varchar(45) DEFAULT NULL,
  `chemical_bod` varchar(45) DEFAULT NULL,
  `chemical_no3n` varchar(45) DEFAULT NULL,
  `chemical_nh3n` varchar(45) DEFAULT NULL,
  `data_sheet_id` char(36) NOT NULL,
  `gen_ph` varchar(45) DEFAULT NULL,
  `gen_om` varchar(45) DEFAULT NULL,
  `gen_n` varchar(45) DEFAULT NULL,
  `gen_p` varchar(45) DEFAULT NULL,
  `gen_k` varchar(45) DEFAULT NULL,
  `area_number` varchar(45) DEFAULT NULL,
  `status` varchar(45) DEFAULT NULL,
  PRIMARY KEY (`id`)
) ENGINE=MyISAM DEFAULT CHARSET=utf8;
/*!40101 SET character_set_client = @saved_cs_client */;

--
-- Dumping data for table `data_rows`
--

LOCK TABLES `data_rows` WRITE;
/*!40000 ALTER TABLE `data_rows` DISABLE KEYS */;
INSERT INTO `data_rows` VALUES ('321b7747-4813-4722-8add-8aef2f3b8f74',1,NULL,'นายวรัญญู แซ่วะ',NULL,NULL,2554,NULL,'0.9','ND','26.89','27.72','ND','ND','ND','Cypermethrin','0.03','Chlorpyrifos','0.33','ND','ND',455009,2028500,455009.00,NULL,'2019-01-06 08:25:47',NULL,NULL,NULL,NULL,NULL,NULL,NULL,NULL,'abb2f4a3-0e41-4696-a02e-acc6f8a08ba4','-','-','-','-','-','2028500','P'),('44dacbb6-49f7-4d07-887a-902d954ec8cd',2,NULL,'นายโอภาส แซ่วะ',NULL,NULL,2554,NULL,'1.29','ND','30.61','26.44','ND',NULL,NULL,NULL,NULL,'Triazophos','< 0.02',NULL,NULL,454951,2028515,454951.00,NULL,'2019-01-06 08:25:47',NULL,NULL,NULL,NULL,NULL,NULL,NULL,NULL,'abb2f4a3-0e41-4696-a02e-acc6f8a08ba4','-','-','-','-','-','2028515','P'),('756b2ad1-68b9-4588-a457-ef9a947f7b72',3,NULL,'แปลงในศูนย์',NULL,NULL,2554,NULL,'0.81','ND','34.87','26.35','ND','ND','ND','Cypermethrin','0.03','Chlorpyrifos','1.82','ND','ND',454903,2028338,454903.00,NULL,'2019-01-06 08:25:47',NULL,NULL,NULL,NULL,NULL,NULL,NULL,NULL,'abb2f4a3-0e41-4696-a02e-acc6f8a08ba4','-','-','-','-','-','2028338','P'),('7744eac2-5c1c-4151-b8ab-355129863d21',4,NULL,'นายโก๊ะ  แซ่วะ',NULL,NULL,2555,NULL,'41','ND','41','25.17','ND','ND','ND','ND','ND','Chlorpyrifos','0.04','ND','ND',454907,2028320,454907.00,NULL,'2019-01-06 08:25:48',NULL,NULL,NULL,NULL,NULL,NULL,NULL,NULL,'abb2f4a3-0e41-4696-a02e-acc6f8a08ba4','-','-','-','-','-','2028320','F'),('8b251821-005d-488b-835f-19cc2bb648a5',5,NULL,'นายนุ  แซ่วะ',NULL,NULL,2555,NULL,'32.31','ND','32.31','32.19','ND','Dieldrin','0.04','ND','ND','Chlorpyrifos','0.41','ND','ND',454973,2028383,454973.00,NULL,'2019-01-06 08:25:48',NULL,NULL,NULL,NULL,NULL,NULL,NULL,NULL,'abb2f4a3-0e41-4696-a02e-acc6f8a08ba4','-','-','-','-','-','2028383','F'),('e795a8d2-5ab6-460d-9382-d275c123703d',6,NULL,'นายกั๊วะ  แซ่วะ',NULL,NULL,2555,NULL,'28.44','ND','28.44','31.59','ND','ND','ND','ND','ND','Chlorpyrifos','0.28','ND','ND',454991,2028491,454991.00,NULL,'2019-01-06 08:25:48',NULL,NULL,NULL,NULL,NULL,NULL,NULL,NULL,'abb2f4a3-0e41-4696-a02e-acc6f8a08ba4','-','-','-','-','-','2028491','P'),('4c15c900-6c1a-4993-b7b0-212b9ba4283c',7,NULL,'นายเจี๊ยะ เจริญกุลพิวัฒน์',NULL,NULL,2556,NULL,'5.5','ND','31.19','29.69','ND','ND','ND','ND','ND','Chlorpyrifos','0.43','ND','ND',450446,2026953,450446.00,NULL,'2019-01-06 08:25:48',NULL,NULL,NULL,NULL,NULL,NULL,NULL,NULL,'abb2f4a3-0e41-4696-a02e-acc6f8a08ba4','-','-','-','-','-','2026953','P'),('e7004b1b-0255-4ccd-a450-e2c6b23b3e3c',8,NULL,'นายเฒ่า ธาราวโรดม',NULL,NULL,2556,NULL,'2.75','ND','37.25','22.44','ND','ND','ND','ND','ND','ND','ND','ND','ND',449836,2026919,449836.00,NULL,'2019-01-06 08:25:48',NULL,NULL,NULL,NULL,NULL,NULL,NULL,NULL,'abb2f4a3-0e41-4696-a02e-acc6f8a08ba4','-','-','-','-','-','2026919','P'),('7e72c61c-92de-4a7c-80dd-fcdc8b32bf9d',9,NULL,'นายชาคริต แซ่วะ',NULL,NULL,2556,NULL,'3.23','ND','36.98','30.45','ND','ND','ND','ND','ND','ND','ND','ND','ND',455054,2029699,455054.00,NULL,'2019-01-06 08:25:48',NULL,NULL,NULL,NULL,NULL,NULL,NULL,NULL,'abb2f4a3-0e41-4696-a02e-acc6f8a08ba4','-','-','-','-','-','2029699','P'),('42640674-24ab-43f4-8f1c-9afd9e7aa7f3',10,NULL,'นายแดง เลาวะ',NULL,NULL,2557,NULL,'3.86','ND','-','-','-','ND','ND','ND','ND','ND','ND','ND','ND',449635,2026764,449635.00,NULL,'2019-01-06 08:25:48',NULL,NULL,NULL,NULL,NULL,NULL,NULL,NULL,'abb2f4a3-0e41-4696-a02e-acc6f8a08ba4','-','-','-','-','-','2026764','P'),('e8e77fda-85e6-43e8-8747-a0c9e85f3071',11,NULL,'นายยี แซ่ยะ',NULL,NULL,2557,NULL,'2','ND','-','-','-','ND','ND','ND','ND','ND','ND','ND','ND',455374,2027709,455374.00,NULL,'2019-01-06 08:25:48',NULL,NULL,NULL,NULL,NULL,NULL,NULL,NULL,'abb2f4a3-0e41-4696-a02e-acc6f8a08ba4','-','-','-','-','-','2027709','P'),('d4af4ffd-d924-4d6e-b4c0-e1d468a4ed9c',12,NULL,'นายร่ม วิทยาวัฒนกิจ',NULL,NULL,2557,NULL,'1.72','ND','-','-','-','ND','ND','ND','ND','ND','ND','ND','ND',455977,2029773,455977.00,NULL,'2019-01-06 08:25:48',NULL,NULL,NULL,NULL,NULL,NULL,NULL,NULL,'abb2f4a3-0e41-4696-a02e-acc6f8a08ba4','-','-','-','-','-','2029773','P'),('f07d94d2-6b49-4327-9329-a4490e684e62',13,NULL,'นายสุรศักดิ์ แซ่ยะ ',NULL,NULL,2558,NULL,'ND','ND','-','-','-','ND','ND','ND','ND','Chlorpyrifos','<0.02','ND','ND',449767,2028105,449767.00,NULL,'2019-01-06 08:25:48',NULL,NULL,NULL,NULL,NULL,NULL,NULL,NULL,'abb2f4a3-0e41-4696-a02e-acc6f8a08ba4','5.78','4.99','0.25','31.19','< 0.010','2028105','P'),('7a2bf378-2897-4606-96b0-f1ecc6b66684',14,NULL,'นายจีระ แซ่ยะ  ',NULL,NULL,2558,NULL,'0.67','ND','-','-','-','ND','ND','ND','ND','Chlorpyrifos','0.03','ND','ND',453767,2029556,453767.00,NULL,'2019-01-06 08:25:48',NULL,NULL,NULL,NULL,NULL,NULL,NULL,NULL,'abb2f4a3-0e41-4696-a02e-acc6f8a08ba4','5.36','5.36','0.33','49','< 0.010','2029556','P'),('28683b6f-cf1f-4b14-8f6e-513ac24e3acb',15,NULL,'นายเจี๊ยะ แซ่ยะ ',NULL,NULL,2558,NULL,'1.36','ND','-','-','-','ND','ND','ND','ND','ND','ND','ND','ND',455657,2029727,455657.00,NULL,'2019-01-06 08:25:48',NULL,NULL,NULL,NULL,NULL,NULL,NULL,NULL,'abb2f4a3-0e41-4696-a02e-acc6f8a08ba4','5.17','15.9','0.7','15.37','ND','2029727','P'),('bf34f1b0-b875-4dce-b127-79aef7b0cd9d',16,NULL,'ศูนย์ฯ ขยายผลฯ ป่ากล้วย',NULL,NULL,2559,NULL,'3.62','ND','-','-','-','ND','ND','ND','ND','Chlorpyrifos','0.09','ND','ND',454830,2028371,454830.00,NULL,'2019-01-06 08:25:48',NULL,NULL,NULL,NULL,NULL,NULL,NULL,NULL,'abb2f4a3-0e41-4696-a02e-acc6f8a08ba4','5.8','9.1','0.57','130.02','0.1','2028371','P'),('414d62bb-83a1-40f0-a87b-d247af013c90',17,NULL,'นายยิ่ง วัฒนกิจ',NULL,NULL,2559,NULL,'3.26','ND','-','-','-','p,p\'-DDT','0.01','Cypermethrin','0.02','Chlorpyrifos','0.18','ND','ND',455293,2027697,455293.00,NULL,'2019-01-06 08:25:48',NULL,NULL,NULL,NULL,NULL,NULL,NULL,NULL,'abb2f4a3-0e41-4696-a02e-acc6f8a08ba4','5.17','6.46','0.69','142.06','0.08','2027697','F'),('68d224d6-d736-45c7-8667-3e6af2c64be6',18,NULL,'นายยิ่ง วัฒนกิจ',NULL,NULL,2559,NULL,'3.12','ND','-','-','-','ND','ND','Cypermethrin','0.02','Chlorpyrifos','0.04','ND','ND',454899,2028558,454899.00,NULL,'2019-01-06 08:25:48',NULL,NULL,NULL,NULL,NULL,NULL,NULL,NULL,'abb2f4a3-0e41-4696-a02e-acc6f8a08ba4','5.79','6.62','0.49','27.26','0.04','2028558','P'),('cb732a41-e628-485b-a46c-79b4951f27d8',19,NULL,'นายเจี๊ยะ  แซ่วะ',NULL,NULL,2560,NULL,'1.6','ND','-','-','-','ND','-','ND','-','Chlorpyrifos','0.1','Methomyl','0.02',455234,2007668,455234.00,NULL,'2019-01-06 08:25:48',NULL,NULL,NULL,NULL,NULL,NULL,NULL,NULL,'abb2f4a3-0e41-4696-a02e-acc6f8a08ba4','5.2','7.08','0.42','87.38','0.03','2007668','P'),('5d4ecec8-98e3-499e-b25e-229b50a74168',20,NULL,'นาบกัวะ  แซ่วะ',NULL,NULL,2560,NULL,'3.45','ND','-','-','-','ND','-','Cypermethrin','0.05','ND','-','ND','-',455271,2029609,455271.00,NULL,'2019-01-06 08:25:48',NULL,NULL,NULL,NULL,NULL,NULL,NULL,NULL,'abb2f4a3-0e41-4696-a02e-acc6f8a08ba4','5.57','7.29','0.54','17.62','0.02','2029609','P'),('c76f02e1-ae0d-4a61-b92b-22945c069405',21,NULL,'นายธาวี  แซ่วะ',NULL,NULL,2560,NULL,'5.83','ND','-','-','-','ND','-','Cypermethrin','0.05','ND','-','ND','-',455298,2029519,455298.00,NULL,'2019-01-06 08:25:48',NULL,NULL,NULL,NULL,NULL,NULL,NULL,NULL,'abb2f4a3-0e41-4696-a02e-acc6f8a08ba4','5.36','9.54','0.53','37.26','0.02','2029519','P'),('75a2f504-97ad-409e-b1cd-c8285626efdc',1,NULL,'ลำห้วยแม่สอย (ต้นน้ำ)',NULL,NULL,2554,NULL,'ND','ND','ND','ND','ND',NULL,'ND',NULL,'ND',NULL,'ND',NULL,'ND',453520,2028881,NULL,NULL,'2019-01-06 08:25:49','23','4.5','ND','1.41','5.57','0.8','0.98','ND','128fc023-98dd-4d96-b398-9efc9f0d1e56',NULL,NULL,NULL,NULL,NULL,NULL,'P'),('e0ed211a-ef80-49b6-9cab-4734ab99e7e4',2,NULL,'ลำห้วยแม่สอย (กลางน้ำ)',NULL,NULL,NULL,NULL,'ND','ND','<0.0010','ND','ND',NULL,'ND',NULL,'ND',NULL,'ND',NULL,'ND',454898,2028552,NULL,NULL,'2019-01-06 08:25:49','33','33','<0.0050','5.46','4.35','0.5','<0.40','ND','128fc023-98dd-4d96-b398-9efc9f0d1e56',NULL,NULL,NULL,NULL,NULL,NULL,'P'),('d927eb0c-6ac7-49fd-a29d-de5b69b50ba4',3,NULL,'ลำห้วยแม่สอย (ปลายน้ำ)',NULL,NULL,NULL,NULL,'ND','ND','ND','ND','ND',NULL,'ND',NULL,'ND',NULL,'ND',NULL,'ND',453663,2029463,NULL,NULL,'2019-01-06 08:25:49','170','170','ND','1.76','5.82','1.3','ND','ND','128fc023-98dd-4d96-b398-9efc9f0d1e56',NULL,NULL,NULL,NULL,NULL,NULL,'P'),('cae533a4-0c94-49f0-a3df-008e8d300db3',4,NULL,'ไม่ทราบชื่อ (ต้นน้ำ)',NULL,NULL,2555,NULL,'ND','ND','0','ND','ND',NULL,'ND',NULL,'ND',NULL,'ND',NULL,'ND',454135,2028656,NULL,NULL,'2019-01-06 08:25:49','110','27','ND','1.34','4','1.92','<0.40','ND','128fc023-98dd-4d96-b398-9efc9f0d1e56',NULL,NULL,NULL,NULL,NULL,NULL,'F'),('3fea079e-054b-4ef6-909e-74496ca1780b',5,NULL,'ไม่ทราบชื่อ (กลางน้ำ)',NULL,NULL,NULL,NULL,'ND','ND','0','ND','ND',NULL,'ND',NULL,'ND',NULL,'ND',NULL,'ND',544982,2028179,NULL,NULL,'2019-01-06 08:25:49','700','49','ND','3.4','5.7','2.57','0.8','ND','128fc023-98dd-4d96-b398-9efc9f0d1e56',NULL,NULL,NULL,NULL,NULL,NULL,'F'),('d176796a-70ce-4735-8866-0dc475c3d91c',6,NULL,'ไม่ทราบชื่อ (ปลายน้ำ)',NULL,NULL,NULL,NULL,'ND','ND','ND','ND','ND',NULL,'ND',NULL,'ND',NULL,'ND',NULL,'ND',545494,2027780,NULL,NULL,'2019-01-06 08:25:49','110','70','ND','1.77','6.6','2.27','<0.40','ND','128fc023-98dd-4d96-b398-9efc9f0d1e56',NULL,NULL,NULL,NULL,NULL,NULL,'F'),('bdcfa82b-5434-4b42-bb2e-7991399bc81c',7,NULL,'ลำห้วยแม่สอย (ต้นน้ำ)',NULL,NULL,2556,NULL,'ND','ND','ND','ND','ND',NULL,'ND',NULL,'ND',NULL,'ND',NULL,'ND',450447,2027240,NULL,NULL,'2019-01-06 08:25:49','79','79','ND','1.92','7','0.75','0.42','ND','128fc023-98dd-4d96-b398-9efc9f0d1e56',NULL,NULL,NULL,NULL,NULL,NULL,'P'),('99537018-70a3-4266-8da7-1f62c171d127',8,NULL,'ลำห้วยแม่สอย (กลางน้ำ)',NULL,NULL,NULL,NULL,'ND','ND','ND','ND','ND',NULL,'ND',NULL,'ND',NULL,'ND',NULL,'ND',450365,2026924,NULL,NULL,'2019-01-06 08:25:49','280','220','ND','2.14','7.6','1.3','<0.40','ND','128fc023-98dd-4d96-b398-9efc9f0d1e56',NULL,NULL,NULL,NULL,NULL,NULL,'P'),('31620e26-5e8c-4f5b-84d1-a1b4cf2ed760',9,NULL,'ลำน้ำสวนเตโหล่ (ปลายน้ำ)',NULL,NULL,NULL,NULL,'ND','ND','ND','ND','ND',NULL,'ND',NULL,'ND',NULL,'ND',NULL,'ND',449897,2027898,NULL,NULL,'2019-01-06 08:25:49','170','140','ND','2.21','7.6','0.85','<0.40','ND','128fc023-98dd-4d96-b398-9efc9f0d1e56',NULL,NULL,NULL,NULL,NULL,NULL,'P'),('64b9cf2f-d982-43fc-890c-5741e2798712',10,NULL,'ไม่ทราบชื่อ (ต้นน้ำ)',NULL,NULL,NULL,NULL,'ND','ND','ND','ND','< 0.0010',NULL,'ND',NULL,'ND',NULL,'ND',NULL,'ND',455061,2029557,NULL,NULL,'2019-01-06 08:25:49','79','49','ND','1.28','7.7','5.19','<0.40','ND','128fc023-98dd-4d96-b398-9efc9f0d1e56',NULL,NULL,NULL,NULL,NULL,NULL,'F'),('b9df310a-6ec6-4304-a15d-a2471fa20524',11,NULL,'ท่อน้ำ (ต้นน้ำ)',NULL,NULL,2557,NULL,'0','-','-','-','-',NULL,'ND',NULL,'ND',NULL,'ND',NULL,'ND',449635,2026764,NULL,NULL,'2019-01-06 08:25:49','2300','330','-','3.59','5','0.65','<0.40','0.18','128fc023-98dd-4d96-b398-9efc9f0d1e56',NULL,NULL,NULL,NULL,NULL,NULL,'P'),('8fc39ea7-0d45-456a-897e-9d4d7de0b737',12,NULL,'ท่อน้ำ (กลางน้ำ)',NULL,NULL,NULL,NULL,'ND','-','-','-','-',NULL,'ND',NULL,'ND',NULL,'ND',NULL,'ND',455476,2027776,NULL,NULL,'2019-01-06 08:25:49','170','110','-','2.29','8','0.62','0.93','ND','128fc023-98dd-4d96-b398-9efc9f0d1e56',NULL,NULL,NULL,NULL,NULL,NULL,'P'),('59fa0609-29ed-48d3-aa6d-ae2c96fae60a',13,NULL,'ท่อน้ำ (ปลายน้ำ)',NULL,NULL,NULL,NULL,'ND','-','-','-','-',NULL,'ND',NULL,'ND',NULL,'ND',NULL,'ND',455892,2029744,NULL,NULL,'2019-01-06 08:25:49','3300','3300','-','1.37','5','0.55','<0.40','ND','128fc023-98dd-4d96-b398-9efc9f0d1e56',NULL,NULL,NULL,NULL,NULL,NULL,'P'),('f1610e5b-5e4a-4820-9ad7-57cc3831521d',14,NULL,'ลำห้วยแต๊ะโหล่',NULL,NULL,2558,NULL,'ND','-','-','-','-',NULL,'ND',NULL,'ND',NULL,'ND',NULL,'ND',449879,2027921,1386.00,NULL,'2019-01-06 08:25:49','46','46','-','1.26','5.75','0.75','<0.40','ND','128fc023-98dd-4d96-b398-9efc9f0d1e56',NULL,NULL,NULL,NULL,NULL,NULL,'P'),('8453d35a-17ad-4ed2-8e0f-aa5a76c1b975',15,NULL,'ลำห้วยแม่เตี๊ยะ',NULL,NULL,NULL,NULL,'ND','-','-','-','-',NULL,'ND',NULL,'ND',NULL,'ND',NULL,'ND',455154,2029701,1302.00,NULL,'2019-01-06 08:25:49','210','61','-','1.64','7.75','0.8','<0.40','0.33','128fc023-98dd-4d96-b398-9efc9f0d1e56',NULL,NULL,NULL,NULL,NULL,NULL,'P'),('503960a4-029a-4802-bb7b-ec7b8675cd31',16,NULL,'ลำห้วยแต๊ะเลี๊ยะ ',NULL,NULL,NULL,NULL,'ND','-','-','-','-',NULL,'ND',NULL,'ND',NULL,'ND',NULL,'ND',453833,2029531,1271.00,NULL,'2019-01-06 08:25:49','79','33','-','3.19','7.39','0.6','2.13','0.2','128fc023-98dd-4d96-b398-9efc9f0d1e56',NULL,NULL,NULL,NULL,NULL,NULL,'P'),('ed6ad12d-61bf-44b5-81ed-83f48cf9799e',17,NULL,'น้ำผุดแม่สึก (ต้นน้ำ)',NULL,NULL,2559,NULL,'< 0.00100','-','-','-','-',NULL,'ND',NULL,'ND',NULL,'ND',NULL,'ND',454830,2028371,1369.00,NULL,'2019-01-06 08:25:50','130','130','-','1.58','7.07','1','0.21','1.45','128fc023-98dd-4d96-b398-9efc9f0d1e56',NULL,NULL,NULL,NULL,NULL,NULL,'F'),('e1b33f4f-e05e-43bc-94fc-10d7a0ff0e9a',18,NULL,'ห้วยแม่ที (ต้นน้ำ)',NULL,NULL,NULL,NULL,'< 0.00100','-','-','-','-',NULL,'ND',NULL,'ND',NULL,'ND',NULL,'ND',455293,2027697,1170.00,NULL,'2019-01-06 08:25:50','13','2','-','0.82','7.57','0.96','0.3','ND','128fc023-98dd-4d96-b398-9efc9f0d1e56',NULL,NULL,NULL,NULL,NULL,NULL,'P'),('82a5eaa3-8e71-41c5-b7ad-ca84d189df8c',19,NULL,'ตาน้ำผุด (ต้นน้ำ)',NULL,NULL,NULL,NULL,'< 0.00100','-','-','-','-',NULL,'ND',NULL,'ND',NULL,'ND',NULL,'ND',454899,2028558,1357.00,NULL,'2019-01-06 08:25:50','33','33','-','5.21','4.61','0.25','20.22','0.13','128fc023-98dd-4d96-b398-9efc9f0d1e56',NULL,NULL,NULL,NULL,NULL,NULL,'F'),('012445e0-b37f-478e-99b0-e001861f9fa1',20,NULL,'ลำน้ำแม่สอย',NULL,NULL,2560,NULL,'ND','-','-','-','-',NULL,'ND',NULL,'ND',NULL,'ND',NULL,'ND',454761,2028375,1371.00,NULL,'2019-01-06 08:25:50','33','< 1.8','-','2.64','7.7','1.06','< 0.40','ND','128fc023-98dd-4d96-b398-9efc9f0d1e56',NULL,NULL,NULL,NULL,NULL,NULL,'P'),('1517017d-e54a-4520-8d09-63c580a50473',21,NULL,'ลำน้ำแม่ที',NULL,NULL,NULL,NULL,'ND','-','-','-','-',NULL,'ND',NULL,'ND',NULL,'ND',NULL,'ND',455236,2027655,1173.00,NULL,'2019-01-06 08:25:50','79','4.5','-','2.91','9.6','0.28','0.59','ND','128fc023-98dd-4d96-b398-9efc9f0d1e56',NULL,NULL,NULL,NULL,NULL,NULL,'P'),('ba7a1aa7-870e-4c23-bc51-563b7409cfe7',22,NULL,'ลำตาน้ำผุด',NULL,NULL,NULL,NULL,'ND','-','-','-','-',NULL,'ND',NULL,'ND',NULL,'ND',NULL,'ND',454902,2028553,1358.00,NULL,'2019-01-06 08:25:50','< 1.8','< 1.8','-','6.65','5.2','1.5','2.34','ND','128fc023-98dd-4d96-b398-9efc9f0d1e56',NULL,NULL,NULL,NULL,NULL,NULL,'P'),('fe980a50-ccd0-48f1-bfe8-9152f677f8f7',1,NULL,'นายวรัญญู แซ่วะ',NULL,NULL,2554,NULL,'0.9','ND','26.89','27.72','ND','ND','ND','Cypermethrin','0.03','Chlorpyrifos','0.33','ND','ND',455009,2028500,455009.00,NULL,'2019-01-06 08:26:29',NULL,NULL,NULL,NULL,NULL,NULL,NULL,NULL,'bf9e367a-cd0a-4243-a286-2ef6c87e9b9d','-','-','-','-','-','2028500','P'),('cbf3b40a-402f-4bf6-b9d6-7e1cea7ba5fb',2,NULL,'นายโอภาส แซ่วะ',NULL,NULL,2554,NULL,'1.29','ND','30.61','26.44','ND',NULL,NULL,NULL,NULL,'Triazophos','< 0.02',NULL,NULL,454951,2028515,454951.00,NULL,'2019-01-06 08:26:29',NULL,NULL,NULL,NULL,NULL,NULL,NULL,NULL,'bf9e367a-cd0a-4243-a286-2ef6c87e9b9d','-','-','-','-','-','2028515','P'),('515e4a55-9505-480c-aca0-1b7b550fa1d8',3,NULL,'แปลงในศูนย์',NULL,NULL,2554,NULL,'0.81','ND','34.87','26.35','ND','ND','ND','Cypermethrin','0.03','Chlorpyrifos','1.82','ND','ND',454903,2028338,454903.00,NULL,'2019-01-06 08:26:29',NULL,NULL,NULL,NULL,NULL,NULL,NULL,NULL,'bf9e367a-cd0a-4243-a286-2ef6c87e9b9d','-','-','-','-','-','2028338','P'),('1af9f976-c994-497e-8891-13bf70c79cc4',4,NULL,'นายโก๊ะ  แซ่วะ',NULL,NULL,2555,NULL,'41','ND','41','25.17','ND','ND','ND','ND','ND','Chlorpyrifos','0.04','ND','ND',454907,2028320,454907.00,NULL,'2019-01-06 08:26:29',NULL,NULL,NULL,NULL,NULL,NULL,NULL,NULL,'bf9e367a-cd0a-4243-a286-2ef6c87e9b9d','-','-','-','-','-','2028320','F'),('2dec4566-4468-4af8-9461-dd4e7c0143af',5,NULL,'นายนุ  แซ่วะ',NULL,NULL,2555,NULL,'32.31','ND','32.31','32.19','ND','Dieldrin','0.04','ND','ND','Chlorpyrifos','0.41','ND','ND',454973,2028383,454973.00,NULL,'2019-01-06 08:26:29',NULL,NULL,NULL,NULL,NULL,NULL,NULL,NULL,'bf9e367a-cd0a-4243-a286-2ef6c87e9b9d','-','-','-','-','-','2028383','F'),('d96974ff-0342-4964-8a87-b532fb97e19b',6,NULL,'นายกั๊วะ  แซ่วะ',NULL,NULL,2555,NULL,'28.44','ND','28.44','31.59','ND','ND','ND','ND','ND','Chlorpyrifos','0.28','ND','ND',454991,2028491,454991.00,NULL,'2019-01-06 08:26:29',NULL,NULL,NULL,NULL,NULL,NULL,NULL,NULL,'bf9e367a-cd0a-4243-a286-2ef6c87e9b9d','-','-','-','-','-','2028491','P'),('e5326a12-dc0c-48ec-b638-2991953d39bb',7,NULL,'นายเจี๊ยะ เจริญกุลพิวัฒน์',NULL,NULL,2556,NULL,'5.5','ND','31.19','29.69','ND','ND','ND','ND','ND','Chlorpyrifos','0.43','ND','ND',450446,2026953,450446.00,NULL,'2019-01-06 08:26:29',NULL,NULL,NULL,NULL,NULL,NULL,NULL,NULL,'bf9e367a-cd0a-4243-a286-2ef6c87e9b9d','-','-','-','-','-','2026953','P'),('d1ea3e27-f350-4995-bca2-009ffaa2fff7',8,NULL,'นายเฒ่า ธาราวโรดม',NULL,NULL,2556,NULL,'2.75','ND','37.25','22.44','ND','ND','ND','ND','ND','ND','ND','ND','ND',449836,2026919,449836.00,NULL,'2019-01-06 08:26:29',NULL,NULL,NULL,NULL,NULL,NULL,NULL,NULL,'bf9e367a-cd0a-4243-a286-2ef6c87e9b9d','-','-','-','-','-','2026919','P'),('994186bf-5de3-4735-b2dd-920cfc6cf8a6',9,NULL,'นายชาคริต แซ่วะ',NULL,NULL,2556,NULL,'3.23','ND','36.98','30.45','ND','ND','ND','ND','ND','ND','ND','ND','ND',455054,2029699,455054.00,NULL,'2019-01-06 08:26:29',NULL,NULL,NULL,NULL,NULL,NULL,NULL,NULL,'bf9e367a-cd0a-4243-a286-2ef6c87e9b9d','-','-','-','-','-','2029699','P'),('90125656-844a-4314-a1f7-c79f4fde5cc6',10,NULL,'นายแดง เลาวะ',NULL,NULL,2557,NULL,'3.86','ND','-','-','-','ND','ND','ND','ND','ND','ND','ND','ND',449635,2026764,449635.00,NULL,'2019-01-06 08:26:29',NULL,NULL,NULL,NULL,NULL,NULL,NULL,NULL,'bf9e367a-cd0a-4243-a286-2ef6c87e9b9d','-','-','-','-','-','2026764','P'),('0592da02-572d-420b-9542-649d93f2a3a7',11,NULL,'นายยี แซ่ยะ',NULL,NULL,2557,NULL,'2','ND','-','-','-','ND','ND','ND','ND','ND','ND','ND','ND',455374,2027709,455374.00,NULL,'2019-01-06 08:26:29',NULL,NULL,NULL,NULL,NULL,NULL,NULL,NULL,'bf9e367a-cd0a-4243-a286-2ef6c87e9b9d','-','-','-','-','-','2027709','P'),('faf7f081-03e8-4bd6-a17f-b50b46f2bc53',12,NULL,'นายร่ม วิทยาวัฒนกิจ',NULL,NULL,2557,NULL,'1.72','ND','-','-','-','ND','ND','ND','ND','ND','ND','ND','ND',455977,2029773,455977.00,NULL,'2019-01-06 08:26:29',NULL,NULL,NULL,NULL,NULL,NULL,NULL,NULL,'bf9e367a-cd0a-4243-a286-2ef6c87e9b9d','-','-','-','-','-','2029773','P'),('1fbf1c56-c4fd-46b0-9276-40650ed5c47f',13,NULL,'นายสุรศักดิ์ แซ่ยะ ',NULL,NULL,2558,NULL,'ND','ND','-','-','-','ND','ND','ND','ND','Chlorpyrifos','<0.02','ND','ND',449767,2028105,449767.00,NULL,'2019-01-06 08:26:29',NULL,NULL,NULL,NULL,NULL,NULL,NULL,NULL,'bf9e367a-cd0a-4243-a286-2ef6c87e9b9d','5.78','4.99','0.25','31.19','< 0.010','2028105','P'),('402ca8fb-ad11-4bc3-b8a6-73055ea3e3d6',14,NULL,'นายจีระ แซ่ยะ  ',NULL,NULL,2558,NULL,'0.67','ND','-','-','-','ND','ND','ND','ND','Chlorpyrifos','0.03','ND','ND',453767,2029556,453767.00,NULL,'2019-01-06 08:26:29',NULL,NULL,NULL,NULL,NULL,NULL,NULL,NULL,'bf9e367a-cd0a-4243-a286-2ef6c87e9b9d','5.36','5.36','0.33','49','< 0.010','2029556','P'),('953a0160-fd99-4528-9549-7d22d015ff1b',15,NULL,'นายเจี๊ยะ แซ่ยะ ',NULL,NULL,2558,NULL,'1.36','ND','-','-','-','ND','ND','ND','ND','ND','ND','ND','ND',455657,2029727,455657.00,NULL,'2019-01-06 08:26:29',NULL,NULL,NULL,NULL,NULL,NULL,NULL,NULL,'bf9e367a-cd0a-4243-a286-2ef6c87e9b9d','5.17','15.9','0.7','15.37','ND','2029727','P'),('061582b1-049c-408e-8748-4239fbfc9553',16,NULL,'ศูนย์ฯ ขยายผลฯ ป่ากล้วย',NULL,NULL,2559,NULL,'3.62','ND','-','-','-','ND','ND','ND','ND','Chlorpyrifos','0.09','ND','ND',454830,2028371,454830.00,NULL,'2019-01-06 08:26:30',NULL,NULL,NULL,NULL,NULL,NULL,NULL,NULL,'bf9e367a-cd0a-4243-a286-2ef6c87e9b9d','5.8','9.1','0.57','130.02','0.1','2028371','P'),('cfa02ef6-dc41-49b9-9ade-54926b7bc058',17,NULL,'นายยิ่ง วัฒนกิจ',NULL,NULL,2559,NULL,'3.26','ND','-','-','-','p,p\'-DDT','0.01','Cypermethrin','0.02','Chlorpyrifos','0.18','ND','ND',455293,2027697,455293.00,NULL,'2019-01-06 08:26:30',NULL,NULL,NULL,NULL,NULL,NULL,NULL,NULL,'bf9e367a-cd0a-4243-a286-2ef6c87e9b9d','5.17','6.46','0.69','142.06','0.08','2027697','F'),('04f2ef76-f386-4a66-b0e4-ef87bc822ac7',18,NULL,'นายยิ่ง วัฒนกิจ',NULL,NULL,2559,NULL,'3.12','ND','-','-','-','ND','ND','Cypermethrin','0.02','Chlorpyrifos','0.04','ND','ND',454899,2028558,454899.00,NULL,'2019-01-06 08:26:30',NULL,NULL,NULL,NULL,NULL,NULL,NULL,NULL,'bf9e367a-cd0a-4243-a286-2ef6c87e9b9d','5.79','6.62','0.49','27.26','0.04','2028558','P'),('1b7d2881-6d99-4d49-879a-1d3440c663e4',19,NULL,'นายเจี๊ยะ  แซ่วะ',NULL,NULL,2560,NULL,'1.6','ND','-','-','-','ND','-','ND','-','Chlorpyrifos','0.1','Methomyl','0.02',455234,2007668,455234.00,NULL,'2019-01-06 08:26:30',NULL,NULL,NULL,NULL,NULL,NULL,NULL,NULL,'bf9e367a-cd0a-4243-a286-2ef6c87e9b9d','5.2','7.08','0.42','87.38','0.03','2007668','P'),('e42a33a5-a0d7-4aac-a4ba-006cefab60b2',20,NULL,'นาบกัวะ  แซ่วะ',NULL,NULL,2560,NULL,'3.45','ND','-','-','-','ND','-','Cypermethrin','0.05','ND','-','ND','-',455271,2029609,455271.00,NULL,'2019-01-06 08:26:30',NULL,NULL,NULL,NULL,NULL,NULL,NULL,NULL,'bf9e367a-cd0a-4243-a286-2ef6c87e9b9d','5.57','7.29','0.54','17.62','0.02','2029609','P'),('d0750aa1-88dc-4b83-b114-57b5c9967ebf',21,NULL,'นายธาวี  แซ่วะ',NULL,NULL,2560,NULL,'5.83','ND','-','-','-','ND','-','Cypermethrin','0.05','ND','-','ND','-',455298,2029519,455298.00,NULL,'2019-01-06 08:26:30',NULL,NULL,NULL,NULL,NULL,NULL,NULL,NULL,'bf9e367a-cd0a-4243-a286-2ef6c87e9b9d','5.36','9.54','0.53','37.26','0.02','2029519','P'),('6e4c0500-8810-4b16-a64a-fc597342e093',1,NULL,'ลำห้วยแม่สอย (ต้นน้ำ)',NULL,NULL,2554,NULL,'ND','ND','ND','ND','ND',NULL,'ND',NULL,'ND',NULL,'ND',NULL,'ND',453520,2028881,NULL,NULL,'2019-01-06 08:26:30','23','4.5','ND','1.41','5.57','0.8','0.98','ND','0b9d8c02-6c86-429b-b672-a7bc463ad99b',NULL,NULL,NULL,NULL,NULL,NULL,'P'),('28b29e81-d94b-4f96-a13e-3dd00c93d9aa',2,NULL,'ลำห้วยแม่สอย (กลางน้ำ)',NULL,NULL,NULL,NULL,'ND','ND','<0.0010','ND','ND',NULL,'ND',NULL,'ND',NULL,'ND',NULL,'ND',454898,2028552,NULL,NULL,'2019-01-06 08:26:30','33','33','<0.0050','5.46','4.35','0.5','<0.40','ND','0b9d8c02-6c86-429b-b672-a7bc463ad99b',NULL,NULL,NULL,NULL,NULL,NULL,'P'),('0f0ccd5e-6eea-41ef-bad2-cca4826e3a9f',3,NULL,'ลำห้วยแม่สอย (ปลายน้ำ)',NULL,NULL,NULL,NULL,'ND','ND','ND','ND','ND',NULL,'ND',NULL,'ND',NULL,'ND',NULL,'ND',453663,2029463,NULL,NULL,'2019-01-06 08:26:30','170','170','ND','1.76','5.82','1.3','ND','ND','0b9d8c02-6c86-429b-b672-a7bc463ad99b',NULL,NULL,NULL,NULL,NULL,NULL,'P'),('2a6e1479-e6fc-414c-b5d7-3f8d230a8fca',4,NULL,'ไม่ทราบชื่อ (ต้นน้ำ)',NULL,NULL,2555,NULL,'ND','ND','0','ND','ND',NULL,'ND',NULL,'ND',NULL,'ND',NULL,'ND',454135,2028656,NULL,NULL,'2019-01-06 08:26:30','110','27','ND','1.34','4','1.92','<0.40','ND','0b9d8c02-6c86-429b-b672-a7bc463ad99b',NULL,NULL,NULL,NULL,NULL,NULL,'F'),('20428a39-25ff-48e9-8296-9261a8417b87',5,NULL,'ไม่ทราบชื่อ (กลางน้ำ)',NULL,NULL,NULL,NULL,'ND','ND','0','ND','ND',NULL,'ND',NULL,'ND',NULL,'ND',NULL,'ND',544982,2028179,NULL,NULL,'2019-01-06 08:26:30','700','49','ND','3.4','5.7','2.57','0.8','ND','0b9d8c02-6c86-429b-b672-a7bc463ad99b',NULL,NULL,NULL,NULL,NULL,NULL,'F'),('411fccee-285d-4370-b864-0477ab970282',6,NULL,'ไม่ทราบชื่อ (ปลายน้ำ)',NULL,NULL,NULL,NULL,'ND','ND','ND','ND','ND',NULL,'ND',NULL,'ND',NULL,'ND',NULL,'ND',545494,2027780,NULL,NULL,'2019-01-06 08:26:30','110','70','ND','1.77','6.6','2.27','<0.40','ND','0b9d8c02-6c86-429b-b672-a7bc463ad99b',NULL,NULL,NULL,NULL,NULL,NULL,'F'),('8276a4cf-5672-46bf-b978-e8f4319ebfa7',7,NULL,'ลำห้วยแม่สอย (ต้นน้ำ)',NULL,NULL,2556,NULL,'ND','ND','ND','ND','ND',NULL,'ND',NULL,'ND',NULL,'ND',NULL,'ND',450447,2027240,NULL,NULL,'2019-01-06 08:26:30','79','79','ND','1.92','7','0.75','0.42','ND','0b9d8c02-6c86-429b-b672-a7bc463ad99b',NULL,NULL,NULL,NULL,NULL,NULL,'P'),('8de6009a-4c4c-45ea-8cf9-ea4d22a8cddd',8,NULL,'ลำห้วยแม่สอย (กลางน้ำ)',NULL,NULL,NULL,NULL,'ND','ND','ND','ND','ND',NULL,'ND',NULL,'ND',NULL,'ND',NULL,'ND',450365,2026924,NULL,NULL,'2019-01-06 08:26:30','280','220','ND','2.14','7.6','1.3','<0.40','ND','0b9d8c02-6c86-429b-b672-a7bc463ad99b',NULL,NULL,NULL,NULL,NULL,NULL,'P'),('f85a84dc-5c32-43ae-9d2c-0347eabf3dba',9,NULL,'ลำน้ำสวนเตโหล่ (ปลายน้ำ)',NULL,NULL,NULL,NULL,'ND','ND','ND','ND','ND',NULL,'ND',NULL,'ND',NULL,'ND',NULL,'ND',449897,2027898,NULL,NULL,'2019-01-06 08:26:30','170','140','ND','2.21','7.6','0.85','<0.40','ND','0b9d8c02-6c86-429b-b672-a7bc463ad99b',NULL,NULL,NULL,NULL,NULL,NULL,'P'),('45dd731e-f63a-4321-bf83-401d7906b19a',10,NULL,'ไม่ทราบชื่อ (ต้นน้ำ)',NULL,NULL,NULL,NULL,'ND','ND','ND','ND','< 0.0010',NULL,'ND',NULL,'ND',NULL,'ND',NULL,'ND',455061,2029557,NULL,NULL,'2019-01-06 08:26:30','79','49','ND','1.28','7.7','5.19','<0.40','ND','0b9d8c02-6c86-429b-b672-a7bc463ad99b',NULL,NULL,NULL,NULL,NULL,NULL,'F'),('efe0c620-9968-4a8d-9665-6833d557f051',11,NULL,'ท่อน้ำ (ต้นน้ำ)',NULL,NULL,2557,NULL,'0','-','-','-','-',NULL,'ND',NULL,'ND',NULL,'ND',NULL,'ND',449635,2026764,NULL,NULL,'2019-01-06 08:26:31','2300','330','-','3.59','5','0.65','<0.40','0.18','0b9d8c02-6c86-429b-b672-a7bc463ad99b',NULL,NULL,NULL,NULL,NULL,NULL,'P'),('a8a8e5da-871c-40a6-bc32-cdb34c8468fc',12,NULL,'ท่อน้ำ (กลางน้ำ)',NULL,NULL,NULL,NULL,'ND','-','-','-','-',NULL,'ND',NULL,'ND',NULL,'ND',NULL,'ND',455476,2027776,NULL,NULL,'2019-01-06 08:26:31','170','110','-','2.29','8','0.62','0.93','ND','0b9d8c02-6c86-429b-b672-a7bc463ad99b',NULL,NULL,NULL,NULL,NULL,NULL,'P'),('dff06e29-ea15-4613-b5db-528ec9df273c',13,NULL,'ท่อน้ำ (ปลายน้ำ)',NULL,NULL,NULL,NULL,'ND','-','-','-','-',NULL,'ND',NULL,'ND',NULL,'ND',NULL,'ND',455892,2029744,NULL,NULL,'2019-01-06 08:26:31','3300','3300','-','1.37','5','0.55','<0.40','ND','0b9d8c02-6c86-429b-b672-a7bc463ad99b',NULL,NULL,NULL,NULL,NULL,NULL,'P'),('480b1354-0e6b-4f61-ba37-b0d15a84cb1d',14,NULL,'ลำห้วยแต๊ะโหล่',NULL,NULL,2558,NULL,'ND','-','-','-','-',NULL,'ND',NULL,'ND',NULL,'ND',NULL,'ND',449879,2027921,1386.00,NULL,'2019-01-06 08:26:31','46','46','-','1.26','5.75','0.75','<0.40','ND','0b9d8c02-6c86-429b-b672-a7bc463ad99b',NULL,NULL,NULL,NULL,NULL,NULL,'P'),('7a343657-c836-4433-90f9-167fc5a462a7',15,NULL,'ลำห้วยแม่เตี๊ยะ',NULL,NULL,NULL,NULL,'ND','-','-','-','-',NULL,'ND',NULL,'ND',NULL,'ND',NULL,'ND',455154,2029701,1302.00,NULL,'2019-01-06 08:26:31','210','61','-','1.64','7.75','0.8','<0.40','0.33','0b9d8c02-6c86-429b-b672-a7bc463ad99b',NULL,NULL,NULL,NULL,NULL,NULL,'P'),('439f199c-cfee-4137-99dc-186b667a82fb',16,NULL,'ลำห้วยแต๊ะเลี๊ยะ ',NULL,NULL,NULL,NULL,'ND','-','-','-','-',NULL,'ND',NULL,'ND',NULL,'ND',NULL,'ND',453833,2029531,1271.00,NULL,'2019-01-06 08:26:32','79','33','-','3.19','7.39','0.6','2.13','0.2','0b9d8c02-6c86-429b-b672-a7bc463ad99b',NULL,NULL,NULL,NULL,NULL,NULL,'P'),('3895e401-784d-43e8-95e9-454c9713da40',17,NULL,'น้ำผุดแม่สึก (ต้นน้ำ)',NULL,NULL,2559,NULL,'< 0.00100','-','-','-','-',NULL,'ND',NULL,'ND',NULL,'ND',NULL,'ND',454830,2028371,1369.00,NULL,'2019-01-06 08:26:32','130','130','-','1.58','7.07','1','0.21','1.45','0b9d8c02-6c86-429b-b672-a7bc463ad99b',NULL,NULL,NULL,NULL,NULL,NULL,'F'),('33727fd5-f0fc-4c92-9916-d3a362bd977b',18,NULL,'ห้วยแม่ที (ต้นน้ำ)',NULL,NULL,NULL,NULL,'< 0.00100','-','-','-','-',NULL,'ND',NULL,'ND',NULL,'ND',NULL,'ND',455293,2027697,1170.00,NULL,'2019-01-06 08:26:32','13','2','-','0.82','7.57','0.96','0.3','ND','0b9d8c02-6c86-429b-b672-a7bc463ad99b',NULL,NULL,NULL,NULL,NULL,NULL,'P'),('c9b9d539-09ff-4f2f-b6d9-6637dfcfe795',19,NULL,'ตาน้ำผุด (ต้นน้ำ)',NULL,NULL,NULL,NULL,'< 0.00100','-','-','-','-',NULL,'ND',NULL,'ND',NULL,'ND',NULL,'ND',454899,2028558,1357.00,NULL,'2019-01-06 08:26:32','33','33','-','5.21','4.61','0.25','20.22','0.13','0b9d8c02-6c86-429b-b672-a7bc463ad99b',NULL,NULL,NULL,NULL,NULL,NULL,'F'),('d3b31c21-069e-49ba-bda8-1c6f5b65c86a',20,NULL,'ลำน้ำแม่สอย',NULL,NULL,2560,NULL,'ND','-','-','-','-',NULL,'ND',NULL,'ND',NULL,'ND',NULL,'ND',454761,2028375,1371.00,NULL,'2019-01-06 08:26:32','33','< 1.8','-','2.64','7.7','1.06','< 0.40','ND','0b9d8c02-6c86-429b-b672-a7bc463ad99b',NULL,NULL,NULL,NULL,NULL,NULL,'P'),('7c233de0-2cea-4d78-a3e0-452d8465de85',21,NULL,'ลำน้ำแม่ที',NULL,NULL,NULL,NULL,'ND','-','-','-','-',NULL,'ND',NULL,'ND',NULL,'ND',NULL,'ND',455236,2027655,1173.00,NULL,'2019-01-06 08:26:33','79','4.5','-','2.91','9.6','0.28','0.59','ND','0b9d8c02-6c86-429b-b672-a7bc463ad99b',NULL,NULL,NULL,NULL,NULL,NULL,'P'),('4005d1d9-f916-4767-9ab7-3e70e387ef76',22,NULL,'ลำตาน้ำผุด',NULL,NULL,NULL,NULL,'ND','-','-','-','-',NULL,'ND',NULL,'ND',NULL,'ND',NULL,'ND',454902,2028553,1358.00,NULL,'2019-01-06 08:26:33','< 1.8','< 1.8','-','6.65','5.2','1.5','2.34','ND','0b9d8c02-6c86-429b-b672-a7bc463ad99b',NULL,NULL,NULL,NULL,NULL,NULL,'P'),('e98b08ae-2040-4cbc-922b-fb4ab76d3588',1,NULL,'นายวรัญญู แซ่วะ',NULL,NULL,2554,NULL,'0.9','ND','26.89','27.72','ND','ND','ND','Cypermethrin','0.03','Chlorpyrifos','0.33','ND','ND',455009,2028500,455009.00,NULL,'2019-01-06 08:27:03',NULL,NULL,NULL,NULL,NULL,NULL,NULL,NULL,'5b61cabc-5b76-49cf-ad8f-8a238600e6b0','-','-','-','-','-','2028500','P'),('0e960e9d-0313-43d5-b886-3516f512ec03',2,NULL,'นายโอภาส แซ่วะ',NULL,NULL,2554,NULL,'1.29','ND','30.61','26.44','ND',NULL,NULL,NULL,NULL,'Triazophos','< 0.02',NULL,NULL,454951,2028515,454951.00,NULL,'2019-01-06 08:27:03',NULL,NULL,NULL,NULL,NULL,NULL,NULL,NULL,'5b61cabc-5b76-49cf-ad8f-8a238600e6b0','-','-','-','-','-','2028515','P'),('73429755-ae67-4a51-bceb-ee7df27689bb',3,NULL,'แปลงในศูนย์',NULL,NULL,2554,NULL,'0.81','ND','34.87','26.35','ND','ND','ND','Cypermethrin','0.03','Chlorpyrifos','1.82','ND','ND',454903,2028338,454903.00,NULL,'2019-01-06 08:27:03',NULL,NULL,NULL,NULL,NULL,NULL,NULL,NULL,'5b61cabc-5b76-49cf-ad8f-8a238600e6b0','-','-','-','-','-','2028338','P'),('8ce27c6c-68e3-454e-a04c-82aa24905359',4,NULL,'นายโก๊ะ  แซ่วะ',NULL,NULL,2555,NULL,'41','ND','41','25.17','ND','ND','ND','ND','ND','Chlorpyrifos','0.04','ND','ND',454907,2028320,454907.00,NULL,'2019-01-06 08:27:03',NULL,NULL,NULL,NULL,NULL,NULL,NULL,NULL,'5b61cabc-5b76-49cf-ad8f-8a238600e6b0','-','-','-','-','-','2028320','F'),('c1a17618-1b30-446f-9e2a-818e4c77e635',5,NULL,'นายนุ  แซ่วะ',NULL,NULL,2555,NULL,'32.31','ND','32.31','32.19','ND','Dieldrin','0.04','ND','ND','Chlorpyrifos','0.41','ND','ND',454973,2028383,454973.00,NULL,'2019-01-06 08:27:03',NULL,NULL,NULL,NULL,NULL,NULL,NULL,NULL,'5b61cabc-5b76-49cf-ad8f-8a238600e6b0','-','-','-','-','-','2028383','F'),('2d70a939-f57d-46b3-82eb-076c92651263',6,NULL,'นายกั๊วะ  แซ่วะ',NULL,NULL,2555,NULL,'28.44','ND','28.44','31.59','ND','ND','ND','ND','ND','Chlorpyrifos','0.28','ND','ND',454991,2028491,454991.00,NULL,'2019-01-06 08:27:03',NULL,NULL,NULL,NULL,NULL,NULL,NULL,NULL,'5b61cabc-5b76-49cf-ad8f-8a238600e6b0','-','-','-','-','-','2028491','P'),('7fdf7542-abe5-45c5-8ace-f604e6dcdb9c',7,NULL,'นายเจี๊ยะ เจริญกุลพิวัฒน์',NULL,NULL,2556,NULL,'5.5','ND','31.19','29.69','ND','ND','ND','ND','ND','Chlorpyrifos','0.43','ND','ND',450446,2026953,450446.00,NULL,'2019-01-06 08:27:03',NULL,NULL,NULL,NULL,NULL,NULL,NULL,NULL,'5b61cabc-5b76-49cf-ad8f-8a238600e6b0','-','-','-','-','-','2026953','P'),('ab476f25-df46-494d-927f-0f48c2d26271',8,NULL,'นายเฒ่า ธาราวโรดม',NULL,NULL,2556,NULL,'2.75','ND','37.25','22.44','ND','ND','ND','ND','ND','ND','ND','ND','ND',449836,2026919,449836.00,NULL,'2019-01-06 08:27:03',NULL,NULL,NULL,NULL,NULL,NULL,NULL,NULL,'5b61cabc-5b76-49cf-ad8f-8a238600e6b0','-','-','-','-','-','2026919','P'),('72727dbc-b6f4-4078-b820-03cdc55cec6b',9,NULL,'นายชาคริต แซ่วะ',NULL,NULL,2556,NULL,'3.23','ND','36.98','30.45','ND','ND','ND','ND','ND','ND','ND','ND','ND',455054,2029699,455054.00,NULL,'2019-01-06 08:27:04',NULL,NULL,NULL,NULL,NULL,NULL,NULL,NULL,'5b61cabc-5b76-49cf-ad8f-8a238600e6b0','-','-','-','-','-','2029699','P'),('9bbe997b-0b6f-45b5-b2fb-fb0e2d636891',10,NULL,'นายแดง เลาวะ',NULL,NULL,2557,NULL,'3.86','ND','-','-','-','ND','ND','ND','ND','ND','ND','ND','ND',449635,2026764,449635.00,NULL,'2019-01-06 08:27:04',NULL,NULL,NULL,NULL,NULL,NULL,NULL,NULL,'5b61cabc-5b76-49cf-ad8f-8a238600e6b0','-','-','-','-','-','2026764','P'),('528ad8fd-e1af-4fda-bed4-8c8949a8a7d6',11,NULL,'นายยี แซ่ยะ',NULL,NULL,2557,NULL,'2','ND','-','-','-','ND','ND','ND','ND','ND','ND','ND','ND',455374,2027709,455374.00,NULL,'2019-01-06 08:27:04',NULL,NULL,NULL,NULL,NULL,NULL,NULL,NULL,'5b61cabc-5b76-49cf-ad8f-8a238600e6b0','-','-','-','-','-','2027709','P'),('f15e3ce9-c40b-45be-9917-acffac67b827',12,NULL,'นายร่ม วิทยาวัฒนกิจ',NULL,NULL,2557,NULL,'1.72','ND','-','-','-','ND','ND','ND','ND','ND','ND','ND','ND',455977,2029773,455977.00,NULL,'2019-01-06 08:27:04',NULL,NULL,NULL,NULL,NULL,NULL,NULL,NULL,'5b61cabc-5b76-49cf-ad8f-8a238600e6b0','-','-','-','-','-','2029773','P'),('bc2c3c2b-aeac-47c2-8b7a-adcebfdc2b5b',13,NULL,'นายสุรศักดิ์ แซ่ยะ ',NULL,NULL,2558,NULL,'ND','ND','-','-','-','ND','ND','ND','ND','Chlorpyrifos','<0.02','ND','ND',449767,2028105,449767.00,NULL,'2019-01-06 08:27:04',NULL,NULL,NULL,NULL,NULL,NULL,NULL,NULL,'5b61cabc-5b76-49cf-ad8f-8a238600e6b0','5.78','4.99','0.25','31.19','< 0.010','2028105','P'),('a82136e4-c480-4e72-bed2-82690660b7e3',14,NULL,'นายจีระ แซ่ยะ  ',NULL,NULL,2558,NULL,'0.67','ND','-','-','-','ND','ND','ND','ND','Chlorpyrifos','0.03','ND','ND',453767,2029556,453767.00,NULL,'2019-01-06 08:27:04',NULL,NULL,NULL,NULL,NULL,NULL,NULL,NULL,'5b61cabc-5b76-49cf-ad8f-8a238600e6b0','5.36','5.36','0.33','49','< 0.010','2029556','P'),('64f7c1ba-f5c8-4269-9256-db5d83ccbf05',15,NULL,'นายเจี๊ยะ แซ่ยะ ',NULL,NULL,2558,NULL,'1.36','ND','-','-','-','ND','ND','ND','ND','ND','ND','ND','ND',455657,2029727,455657.00,NULL,'2019-01-06 08:27:04',NULL,NULL,NULL,NULL,NULL,NULL,NULL,NULL,'5b61cabc-5b76-49cf-ad8f-8a238600e6b0','5.17','15.9','0.7','15.37','ND','2029727','P'),('7780b01d-dbaf-4b35-a0e3-a984d970e2e0',16,NULL,'ศูนย์ฯ ขยายผลฯ ป่ากล้วย',NULL,NULL,2559,NULL,'3.62','ND','-','-','-','ND','ND','ND','ND','Chlorpyrifos','0.09','ND','ND',454830,2028371,454830.00,NULL,'2019-01-06 08:27:04',NULL,NULL,NULL,NULL,NULL,NULL,NULL,NULL,'5b61cabc-5b76-49cf-ad8f-8a238600e6b0','5.8','9.1','0.57','130.02','0.1','2028371','P'),('d9a51268-7136-456b-af7a-914ac1630db2',17,NULL,'นายยิ่ง วัฒนกิจ',NULL,NULL,2559,NULL,'3.26','ND','-','-','-','p,p\'-DDT','0.01','Cypermethrin','0.02','Chlorpyrifos','0.18','ND','ND',455293,2027697,455293.00,NULL,'2019-01-06 08:27:04',NULL,NULL,NULL,NULL,NULL,NULL,NULL,NULL,'5b61cabc-5b76-49cf-ad8f-8a238600e6b0','5.17','6.46','0.69','142.06','0.08','2027697','P'),('c08b8722-78cd-49f7-a923-db02db31629f',18,NULL,'นายยิ่ง วัฒนกิจ',NULL,NULL,2559,NULL,'3.12','ND','-','-','-','ND','ND','Cypermethrin','0.02','Chlorpyrifos','0.04','ND','ND',454899,2028558,454899.00,NULL,'2019-01-06 08:27:04',NULL,NULL,NULL,NULL,NULL,NULL,NULL,NULL,'5b61cabc-5b76-49cf-ad8f-8a238600e6b0','5.79','6.62','0.49','27.26','0.04','2028558','P'),('3f6c89db-1db6-4f7c-a734-df61762400f6',19,NULL,'นายเจี๊ยะ  แซ่วะ',NULL,NULL,2560,NULL,'1.6','ND','-','-','-','ND','-','ND','-','Chlorpyrifos','0.1','Methomyl','0.02',455234,2007668,455234.00,NULL,'2019-01-06 08:27:04',NULL,NULL,NULL,NULL,NULL,NULL,NULL,NULL,'5b61cabc-5b76-49cf-ad8f-8a238600e6b0','5.2','7.08','0.42','87.38','0.03','2007668','P'),('77daae46-f8eb-4589-93d4-66d5404cb539',20,NULL,'นาบกัวะ  แซ่วะ',NULL,NULL,2560,NULL,'3.45','ND','-','-','-','ND','-','Cypermethrin','0.05','ND','-','ND','-',455271,2029609,455271.00,NULL,'2019-01-06 08:27:04',NULL,NULL,NULL,NULL,NULL,NULL,NULL,NULL,'5b61cabc-5b76-49cf-ad8f-8a238600e6b0','5.57','7.29','0.54','17.62','0.02','2029609','P'),('0d5dfacb-a69e-46aa-b770-43418bb29ee4',21,NULL,'นายธาวี  แซ่วะ',NULL,NULL,2560,NULL,'5.83','ND','-','-','-','ND','-','Cypermethrin','0.05','ND','-','ND','-',455298,2029519,455298.00,NULL,'2019-01-06 08:27:04',NULL,NULL,NULL,NULL,NULL,NULL,NULL,NULL,'5b61cabc-5b76-49cf-ad8f-8a238600e6b0','5.36','9.54','0.53','37.26','0.02','2029519','P'),('32f53393-af63-4758-b6fc-511359e5ef09',1,NULL,'ลำห้วยแม่สอย (ต้นน้ำ)',NULL,NULL,2554,NULL,'ND','ND','ND','ND','ND',NULL,'ND',NULL,'ND',NULL,'ND',NULL,'ND',453520,2028881,NULL,NULL,'2019-01-06 08:27:04','23','4.5','ND','1.41','5.57','0.8','0.98','ND','42816a79-cae1-4f9c-b387-34043beb9aef',NULL,NULL,NULL,NULL,NULL,NULL,'P'),('81f48592-6ffd-4fdc-8380-53c6bf54f91e',2,NULL,'ลำห้วยแม่สอย (กลางน้ำ)',NULL,NULL,NULL,NULL,'ND','ND','<0.0010','ND','ND',NULL,'ND',NULL,'ND',NULL,'ND',NULL,'ND',454898,2028552,NULL,NULL,'2019-01-06 08:27:04','33','33','<0.0050','5.46','4.35','0.5','<0.40','ND','42816a79-cae1-4f9c-b387-34043beb9aef',NULL,NULL,NULL,NULL,NULL,NULL,'P'),('c5ca103e-44b8-4626-a007-b71c8f494e27',3,NULL,'ลำห้วยแม่สอย (ปลายน้ำ)',NULL,NULL,NULL,NULL,'ND','ND','ND','ND','ND',NULL,'ND',NULL,'ND',NULL,'ND',NULL,'ND',453663,2029463,NULL,NULL,'2019-01-06 08:27:05','170','170','ND','1.76','5.82','1.3','ND','ND','42816a79-cae1-4f9c-b387-34043beb9aef',NULL,NULL,NULL,NULL,NULL,NULL,'P'),('6f971aef-c7af-47c1-9947-76be23da3740',4,NULL,'ไม่ทราบชื่อ (ต้นน้ำ)',NULL,NULL,2555,NULL,'ND','ND','0','ND','ND',NULL,'ND',NULL,'ND',NULL,'ND',NULL,'ND',454135,2028656,NULL,NULL,'2019-01-06 08:27:05','110','27','ND','1.34','4','1.92','<0.40','ND','42816a79-cae1-4f9c-b387-34043beb9aef',NULL,NULL,NULL,NULL,NULL,NULL,'F'),('637bbd23-114c-4a13-bc52-90464f2945d8',5,NULL,'ไม่ทราบชื่อ (กลางน้ำ)',NULL,NULL,NULL,NULL,'ND','ND','0','ND','ND',NULL,'ND',NULL,'ND',NULL,'ND',NULL,'ND',544982,2028179,NULL,NULL,'2019-01-06 08:27:05','700','49','ND','3.4','5.7','2.57','0.8','ND','42816a79-cae1-4f9c-b387-34043beb9aef',NULL,NULL,NULL,NULL,NULL,NULL,'F'),('d50db15c-2b2a-4653-bd3a-1f9822ef96fd',6,NULL,'ไม่ทราบชื่อ (ปลายน้ำ)',NULL,NULL,NULL,NULL,'ND','ND','ND','ND','ND',NULL,'ND',NULL,'ND',NULL,'ND',NULL,'ND',545494,2027780,NULL,NULL,'2019-01-06 08:27:05','110','70','ND','1.77','6.6','2.27','<0.40','ND','42816a79-cae1-4f9c-b387-34043beb9aef',NULL,NULL,NULL,NULL,NULL,NULL,'F'),('9331e520-009c-4822-99d3-bb2150ce9bae',7,NULL,'ลำห้วยแม่สอย (ต้นน้ำ)',NULL,NULL,2556,NULL,'ND','ND','ND','ND','ND',NULL,'ND',NULL,'ND',NULL,'ND',NULL,'ND',450447,2027240,NULL,NULL,'2019-01-06 08:27:05','79','79','ND','1.92','7','0.75','0.42','ND','42816a79-cae1-4f9c-b387-34043beb9aef',NULL,NULL,NULL,NULL,NULL,NULL,'P'),('1f6b4a5c-842a-49a8-a348-aea4ad4e5e34',8,NULL,'ลำห้วยแม่สอย (กลางน้ำ)',NULL,NULL,NULL,NULL,'ND','ND','ND','ND','ND',NULL,'ND',NULL,'ND',NULL,'ND',NULL,'ND',450365,2026924,NULL,NULL,'2019-01-06 08:27:05','280','220','ND','2.14','7.6','1.3','<0.40','ND','42816a79-cae1-4f9c-b387-34043beb9aef',NULL,NULL,NULL,NULL,NULL,NULL,'P'),('50be3705-36d2-4d79-959d-5119802f731f',9,NULL,'ลำน้ำสวนเตโหล่ (ปลายน้ำ)',NULL,NULL,NULL,NULL,'ND','ND','ND','ND','ND',NULL,'ND',NULL,'ND',NULL,'ND',NULL,'ND',449897,2027898,NULL,NULL,'2019-01-06 08:27:05','170','140','ND','2.21','7.6','0.85','<0.40','ND','42816a79-cae1-4f9c-b387-34043beb9aef',NULL,NULL,NULL,NULL,NULL,NULL,'P'),('af1e2412-4965-4efc-baeb-4f2ba129e0e8',10,NULL,'ไม่ทราบชื่อ (ต้นน้ำ)',NULL,NULL,NULL,NULL,'ND','ND','ND','ND','< 0.0010',NULL,'ND',NULL,'ND',NULL,'ND',NULL,'ND',455061,2029557,NULL,NULL,'2019-01-06 08:27:05','79','49','ND','1.28','7.7','5.19','<0.40','ND','42816a79-cae1-4f9c-b387-34043beb9aef',NULL,NULL,NULL,NULL,NULL,NULL,'F'),('d9bec70b-2487-458a-be22-7ef1fde229db',11,NULL,'ท่อน้ำ (ต้นน้ำ)',NULL,NULL,2557,NULL,'0','-','-','-','-',NULL,'ND',NULL,'ND',NULL,'ND',NULL,'ND',449635,2026764,NULL,NULL,'2019-01-06 08:27:05','2300','330','-','3.59','5','0.65','<0.40','0.18','42816a79-cae1-4f9c-b387-34043beb9aef',NULL,NULL,NULL,NULL,NULL,NULL,'P'),('d05608b5-0f6a-4875-aaa3-9d437c53e57d',12,NULL,'ท่อน้ำ (กลางน้ำ)',NULL,NULL,NULL,NULL,'ND','-','-','-','-',NULL,'ND',NULL,'ND',NULL,'ND',NULL,'ND',455476,2027776,NULL,NULL,'2019-01-06 08:27:05','170','110','-','2.29','8','0.62','0.93','ND','42816a79-cae1-4f9c-b387-34043beb9aef',NULL,NULL,NULL,NULL,NULL,NULL,'P'),('47b6c426-7995-467f-8c26-56c20fe88036',13,NULL,'ท่อน้ำ (ปลายน้ำ)',NULL,NULL,NULL,NULL,'ND','-','-','-','-',NULL,'ND',NULL,'ND',NULL,'ND',NULL,'ND',455892,2029744,NULL,NULL,'2019-01-06 08:27:05','3300','3300','-','1.37','5','0.55','<0.40','ND','42816a79-cae1-4f9c-b387-34043beb9aef',NULL,NULL,NULL,NULL,NULL,NULL,'P'),('b43356fe-41d5-4e74-afe5-c263cedb908d',14,NULL,'ลำห้วยแต๊ะโหล่',NULL,NULL,2558,NULL,'ND','-','-','-','-',NULL,'ND',NULL,'ND',NULL,'ND',NULL,'ND',449879,2027921,1386.00,NULL,'2019-01-06 08:27:05','46','46','-','1.26','5.75','0.75','<0.40','ND','42816a79-cae1-4f9c-b387-34043beb9aef',NULL,NULL,NULL,NULL,NULL,NULL,'P'),('773962b5-5a24-4649-b761-18fe1af4d123',15,NULL,'ลำห้วยแม่เตี๊ยะ',NULL,NULL,NULL,NULL,'ND','-','-','-','-',NULL,'ND',NULL,'ND',NULL,'ND',NULL,'ND',455154,2029701,1302.00,NULL,'2019-01-06 08:27:05','210','61','-','1.64','7.75','0.8','<0.40','0.33','42816a79-cae1-4f9c-b387-34043beb9aef',NULL,NULL,NULL,NULL,NULL,NULL,'P'),('1f32434f-b017-4730-b8f2-836863e5a6ac',16,NULL,'ลำห้วยแต๊ะเลี๊ยะ ',NULL,NULL,NULL,NULL,'ND','-','-','-','-',NULL,'ND',NULL,'ND',NULL,'ND',NULL,'ND',453833,2029531,1271.00,NULL,'2019-01-06 08:27:05','79','33','-','3.19','7.39','0.6','2.13','0.2','42816a79-cae1-4f9c-b387-34043beb9aef',NULL,NULL,NULL,NULL,NULL,NULL,'P'),('1e695fa1-0814-4f23-b696-b5a0df6d668f',17,NULL,'น้ำผุดแม่สึก (ต้นน้ำ)',NULL,NULL,2559,NULL,'< 0.00100','-','-','-','-',NULL,'ND',NULL,'ND',NULL,'ND',NULL,'ND',454830,2028371,1369.00,NULL,'2019-01-06 08:27:05','130','130','-','1.58','7.07','1','0.21','1.45','42816a79-cae1-4f9c-b387-34043beb9aef',NULL,NULL,NULL,NULL,NULL,NULL,'F'),('e2ecb262-9f69-46c1-b84e-4a96bb8d5c87',18,NULL,'ห้วยแม่ที (ต้นน้ำ)',NULL,NULL,NULL,NULL,'< 0.00100','-','-','-','-',NULL,'ND',NULL,'ND',NULL,'ND',NULL,'ND',455293,2027697,1170.00,NULL,'2019-01-06 08:27:05','13','2','-','0.82','7.57','0.96','0.3','ND','42816a79-cae1-4f9c-b387-34043beb9aef',NULL,NULL,NULL,NULL,NULL,NULL,'P'),('67711017-d99c-4595-b148-b9f8046ba0a5',19,NULL,'ตาน้ำผุด (ต้นน้ำ)',NULL,NULL,NULL,NULL,'< 0.00100','-','-','-','-',NULL,'ND',NULL,'ND',NULL,'ND',NULL,'ND',454899,2028558,1357.00,NULL,'2019-01-06 08:27:05','33','33','-','5.21','4.61','0.25','20.22','0.13','42816a79-cae1-4f9c-b387-34043beb9aef',NULL,NULL,NULL,NULL,NULL,NULL,'F'),('127ba634-65f8-4fc8-baec-b658c11d06a2',20,NULL,'ลำน้ำแม่สอย',NULL,NULL,2560,NULL,'ND','-','-','-','-',NULL,'ND',NULL,'ND',NULL,'ND',NULL,'ND',454761,2028375,1371.00,NULL,'2019-01-06 08:27:06','33','< 1.8','-','2.64','7.7','1.06','< 0.40','ND','42816a79-cae1-4f9c-b387-34043beb9aef',NULL,NULL,NULL,NULL,NULL,NULL,'P'),('a2f74ed9-41f8-462e-9f16-f9374039d0a4',21,NULL,'ลำน้ำแม่ที',NULL,NULL,NULL,NULL,'ND','-','-','-','-',NULL,'ND',NULL,'ND',NULL,'ND',NULL,'ND',455236,2027655,1173.00,NULL,'2019-01-06 08:27:06','79','4.5','-','2.91','9.6','0.28','0.59','ND','42816a79-cae1-4f9c-b387-34043beb9aef',NULL,NULL,NULL,NULL,NULL,NULL,'P'),('adc50767-a713-4beb-92ce-58a1fa63a65b',22,NULL,'ลำตาน้ำผุด',NULL,NULL,NULL,NULL,'ND','-','-','-','-',NULL,'ND',NULL,'ND',NULL,'ND',NULL,'ND',454902,2028553,1358.00,NULL,'2019-01-06 08:27:06','< 1.8','< 1.8','-','6.65','5.2','1.5','2.34','ND','42816a79-cae1-4f9c-b387-34043beb9aef',NULL,NULL,NULL,NULL,NULL,NULL,'P');
/*!40000 ALTER TABLE `data_rows` ENABLE KEYS */;
UNLOCK TABLES;

--
-- Table structure for table `data_sheets`
--

DROP TABLE IF EXISTS `data_sheets`;
/*!40101 SET @saved_cs_client     = @@character_set_client */;
/*!40101 SET character_set_client = utf8 */;
CREATE TABLE `data_sheets` (
  `id` char(36) NOT NULL,
  `name` varchar(100) NOT NULL,
  `seq` int(11) DEFAULT 0,
  `created` datetime DEFAULT NULL,
  `modified` datetime DEFAULT NULL,
  `data_id` char(36) NOT NULL,
  `title` varchar(255) DEFAULT NULL,
  `header` varchar(100) DEFAULT NULL,
  PRIMARY KEY (`id`)
) ENGINE=MyISAM DEFAULT CHARSET=utf8;
/*!40101 SET character_set_client = @saved_cs_client */;

--
-- Dumping data for table `data_sheets`
--

LOCK TABLES `data_sheets` WRITE;
/*!40000 ALTER TABLE `data_sheets` DISABLE KEYS */;
INSERT INTO `data_sheets` VALUES ('abb2f4a3-0e41-4696-a02e-acc6f8a08ba4','รวมดิน',1,'2019-01-06 08:25:47','2019-01-06 08:25:47','6c72732a-ba0c-42f0-b6c0-d4a5eeb618d8','ผลการตรวจวิเคราะห์ดิน ปี 2554-2560 โครงการพัฒนาพื้นที่สูงแบบโครงการหลวงป่ากล้วย','SOIL'),('128fc023-98dd-4d96-b398-9efc9f0d1e56','รวมน้ำ',2,'2019-01-06 08:25:49','2019-01-06 08:25:49','6c72732a-ba0c-42f0-b6c0-d4a5eeb618d8','ผลการตรวจวิเคราะห์คุณภาพน้ำ ปี 2554-2560 โครงการพัฒนาพื้นที่สูงแบบโครงการหลวงป่ากล้วย','WATER'),('bf9e367a-cd0a-4243-a286-2ef6c87e9b9d','รวมดิน',1,'2019-01-06 08:26:29','2019-01-06 08:26:29','49fcffdd-1dc8-41fa-9e69-5d2057bca72f','ผลการตรวจวิเคราะห์ดิน ปี 2554-2560 โครงการพัฒนาพื้นที่สูงแบบโครงการหลวงป่ากล้วย','SOIL'),('0b9d8c02-6c86-429b-b672-a7bc463ad99b','รวมน้ำ',2,'2019-01-06 08:26:30','2019-01-06 08:26:30','49fcffdd-1dc8-41fa-9e69-5d2057bca72f','ผลการตรวจวิเคราะห์คุณภาพน้ำ ปี 2554-2560 โครงการพัฒนาพื้นที่สูงแบบโครงการหลวงป่ากล้วย','WATER'),('5b61cabc-5b76-49cf-ad8f-8a238600e6b0','รวมดิน',1,'2019-01-06 08:27:03','2019-01-06 08:27:03','3d6beeaf-9a1b-483c-962e-cd8e41736288','ผลการตรวจวิเคราะห์ดิน ปี 2554-2560 โครงการพัฒนาพื้นที่สูงแบบโครงการหลวงป่ากล้วย','SOIL'),('42816a79-cae1-4f9c-b387-34043beb9aef','รวมน้ำ',2,'2019-01-06 08:27:04','2019-01-06 08:27:04','3d6beeaf-9a1b-483c-962e-cd8e41736288','ผลการตรวจวิเคราะห์คุณภาพน้ำ ปี 2554-2560 โครงการพัฒนาพื้นที่สูงแบบโครงการหลวงป่ากล้วย','WATER');
/*!40000 ALTER TABLE `data_sheets` ENABLE KEYS */;
UNLOCK TABLES;

--
-- Table structure for table `datas`
--

DROP TABLE IF EXISTS `datas`;
/*!40101 SET @saved_cs_client     = @@character_set_client */;
/*!40101 SET character_set_client = utf8 */;
CREATE TABLE `datas` (
  `id` char(36) NOT NULL,
  `name` varchar(255) NOT NULL,
  `created` datetime DEFAULT NULL,
  `modified` datetime DEFAULT NULL,
  `user_id` char(36) NOT NULL,
  `description` text DEFAULT NULL,
  PRIMARY KEY (`id`)
) ENGINE=MyISAM DEFAULT CHARSET=utf8;
/*!40101 SET character_set_client = @saved_cs_client */;

--
-- Dumping data for table `datas`
--

LOCK TABLES `datas` WRITE;
/*!40000 ALTER TABLE `datas` DISABLE KEYS */;
INSERT INTO `datas` VALUES ('6c72732a-ba0c-42f0-b6c0-d4a5eeb618d8','โครงการฯ ป่ากล้วย54-60-2.xlsx','2019-01-06 08:25:47','2019-01-06 08:25:47','f332f204-cb67-49fd-934a-5bc7713d34b3',NULL),('49fcffdd-1dc8-41fa-9e69-5d2057bca72f','โครงการฯ ป่ากล้วย54-60-2.xlsx','2019-01-06 08:26:29','2019-01-06 08:26:29','f332f204-cb67-49fd-934a-5bc7713d34b3',NULL),('3d6beeaf-9a1b-483c-962e-cd8e41736288','โครงการฯ ป่ากล้วย54-60-2.xlsx','2019-01-06 08:27:03','2019-01-06 08:27:03','f332f204-cb67-49fd-934a-5bc7713d34b3',NULL);
/*!40000 ALTER TABLE `datas` ENABLE KEYS */;
UNLOCK TABLES;

--
-- Table structure for table `users`
--

DROP TABLE IF EXISTS `users`;
/*!40101 SET @saved_cs_client     = @@character_set_client */;
/*!40101 SET character_set_client = utf8 */;
CREATE TABLE `users` (
  `id` char(36) NOT NULL,
  `usercode` varchar(100) DEFAULT NULL,
  `username` varchar(45) DEFAULT NULL,
  `title` varchar(60) DEFAULT NULL,
  `firstname` varchar(100) NOT NULL,
  `lastname` varchar(100) NOT NULL,
  `password` varchar(100) NOT NULL,
  `email` varchar(100) DEFAULT NULL,
  `phone` varchar(100) DEFAULT NULL,
  `isactive` enum('Y','N') DEFAULT 'N',
  `gender` enum('F','M') DEFAULT NULL,
  `created` datetime DEFAULT NULL,
  `updated` datetime DEFAULT NULL,
  `verifycode` varchar(255) DEFAULT NULL,
  `position` varchar(100) DEFAULT NULL,
  `image_id` char(36) DEFAULT NULL,
  PRIMARY KEY (`id`)
) ENGINE=InnoDB DEFAULT CHARSET=utf8;
/*!40101 SET character_set_client = @saved_cs_client */;

--
-- Dumping data for table `users`
--

LOCK TABLES `users` WRITE;
/*!40000 ALTER TABLE `users` DISABLE KEYS */;
INSERT INTO `users` VALUES ('cbafe4c8-b324-4576-b954-34c849c6ecc2','test@dpo.go.th',NULL,'ad','ad','ad','$2y$10$y9Vouv5eBnbumleCY81I6.Hdhk8rUjTkUq/WcRkI9SaLLefs0MlLy','admin@excel.com','','N','F','2018-11-28 16:45:32',NULL,'','',NULL),('f332f204-cb67-49fd-934a-5bc7713d34b3','test@dpo.go.th','admin','ad','admin','admin','0000','xxx@xx.xx','0888888888','N','M','2018-11-28 15:40:16',NULL,'','',NULL);
/*!40000 ALTER TABLE `users` ENABLE KEYS */;
UNLOCK TABLES;
/*!40103 SET TIME_ZONE=@OLD_TIME_ZONE */;

/*!40101 SET SQL_MODE=@OLD_SQL_MODE */;
/*!40014 SET FOREIGN_KEY_CHECKS=@OLD_FOREIGN_KEY_CHECKS */;
/*!40014 SET UNIQUE_CHECKS=@OLD_UNIQUE_CHECKS */;
/*!40101 SET CHARACTER_SET_CLIENT=@OLD_CHARACTER_SET_CLIENT */;
/*!40101 SET CHARACTER_SET_RESULTS=@OLD_CHARACTER_SET_RESULTS */;
/*!40101 SET COLLATION_CONNECTION=@OLD_COLLATION_CONNECTION */;
/*!40111 SET SQL_NOTES=@OLD_SQL_NOTES */;

-- Dump completed on 2019-01-07 16:11:25
